{"offline_id": "4d0c036411ee474f85c697351256705c", "project_name": "yolov5", "start_time": 1688436896852, "stop_time": 1688436905204, "tags": [], "workspace": null, "resume_strategy": "create", "customer_error_reported": true, "customer_error_message": "Unexpected error detected in the user script: Exception('\\x1b[34m\\x1b[1mtrain: \\x1b[0mError loading data from D:\\\\learn\\\\trywork\\\\python\\\\HOK\\\\pratise: \\x1b[34m\\x1b[1mtrain: \\x1b[0mD:\\\\learn\\\\trywork\\\\python\\\\HOK\\\\pratise does not exist\\nSee https://docs.ultralytics.com/yolov5/tutorials/train_custom_data')"}