{"payload":{"installed_packages":["anyio==3.7.0","argon2-cffi-bindings==21.2.0","argon2-cffi==21.3.0","arrow==1.2.3","asttokens==2.2.1","async-generator==1.10","async-lru==2.0.2","attrs==23.1.0","automat==22.10.0","babel==2.12.1","backcall==0.2.0","beautifulsoup4==4.12.2","bleach==6.0.0","certifi==2023.5.7","cffi==1.15.1","charset-normalizer==3.1.0","colorama==0.4.6","comet-ml==3.33.5","comm==0.1.3","configobj==5.0.8","constantly==15.1.0","contourpy==1.1.0","cryptography==41.0.1","cssselect==1.2.0","cycler==0.11.0","cython==0.29.35","debugpy==1.6.7","decorator==5.1.1","defusedxml==0.7.1","dulwich==0.21.5","entrypoints==0.4","everett==3.1.0","exceptiongroup==1.1.1","executing==1.2.0","fastjsonschema==2.17.1","filelock==3.12.2","fonttools==4.40.0","fqdn==1.5.1","fsspec==2023.4.0","gitdb==4.0.10","gitpython==3.1.31","h11==0.14.0","hyperlink==21.0.0","idna==3.4","incremental==22.10.0","ipykernel==6.23.3","ipython-genutils==0.2.0","ipython==8.14.0","isoduration==20.11.0","itemadapter==0.8.0","itemloaders==1.1.0","jedi==0.18.2","jinja2==3.1.2","jmespath==1.0.1","joblib==1.2.0","json5==0.9.14","jsonpointer==2.4","jsonschema==4.17.3","jupyter-client==7.4.1","jupyter-core==5.3.1","jupyter-events==0.6.3","jupyter-lsp==2.2.0","jupyter-server-terminals==0.4.4","jupyter-server==1.24.0","jupyterlab-pygments==0.2.2","jupyterlab-server==2.23.0","jupyterlab==4.0.2","kiwisolver==1.4.4","lxml==4.9.2","markdown-it-py==3.0.0","markupsafe==2.1.3","matplotlib-inline==0.1.6","matplotlib==3.7.1","mdurl==0.1.2","mistune==3.0.1","mpmath==1.3.0","nbclassic==1.0.0","nbclient==0.7.4","nbconvert==7.6.0","nbformat==5.9.0","nest-asyncio==1.5.6","networkx==3.1","notebook-shim==0.2.3","notebook==6.5.4","numpy==1.25.0","opencv-python==4.7.0.72","outcome==1.2.0","overrides==7.3.1","packaging==23.1","pandas==2.0.2","pandocfilters==1.5.0","parsel==1.8.1","parso==0.8.3","pickleshare==0.7.5","pillow==9.5.0","pip==23.1.2","platformdirs==3.8.0","prometheus-client==0.17.0","prompt-toolkit==3.0.38","protego==0.2.1","psutil==5.9.5","pure-eval==0.2.2","pyasn1-modules==0.3.0","pyasn1==0.5.0","pycparser==2.21","pydispatcher==2.0.7","pygments==2.15.1","pyopenssl==23.2.0","pyparsing==3.1.0","pyquery==2.0.0","pyrsistent==0.19.3","pysocks==1.7.1","python-box==6.1.0","python-dateutil==2.8.2","python-json-logger==2.0.7","pytz==2023.3","pywin32==306","pywinpty==2.0.10","pyyaml==6.0","pyzmq==25.1.0","queuelib==1.6.2","requests-file==1.5.1","requests-toolbelt==1.0.0","requests==2.31.0","rfc3339-validator==0.1.4","rfc3986-validator==0.1.1","rich==13.4.2","scikit-learn==1.2.2","scipy==1.11.1","scrapy==2.9.0","seaborn==0.12.2","selenium==4.10.0","semantic-version==2.10.0","send2trash==1.8.2","sentry-sdk==1.26.0","service-identity==23.1.0","setuptools==68.0.0","simplejson==3.19.1","six==1.16.0","sklearn==0.0.post5","smmap==5.0.0","sniffio==1.3.0","sortedcontainers==2.4.0","soupsieve==2.4.1","stack-data==0.6.2","sympy==1.12","terminado==0.17.1","thop==0.1.1.post2209072238","threadpoolctl==3.1.0","tinycss2==1.2.1","tldextract==3.4.4","torch==2.1.0.dev20230623+cu121","torchaudio==2.1.0.dev20230623+cu121","torchvision==0.16.0.dev20230624+cu121","tornado==6.3.2","tqdm==4.65.0","traitlets==5.9.0","trio-websocket==0.10.3","trio==0.22.0","twisted-iocpsupport==1.0.3","twisted==22.10.0","typing-extensions==4.6.3","tzdata==2023.3","ultralytics==8.0.121","uri-template==1.3.0","urllib3==2.0.3","voila==0.4.1","w3lib==2.1.1","wcwidth==0.2.6","webcolors==1.13","webencodings==0.5.1","websocket-client==1.3.3","websockets==11.0.3","wrapt==1.15.0","wsproto==1.2.0","wurlitzer==3.0.3","zope.interface==6.0"],"local_timestamp":1688610779869},"type":"ws_msg"}
{"payload":{"env_details":{"command":["train.py","--device","0","--img-size","640","--batch-size","24","--epochs","100","--data","D:/learn/trywork/python/HOK/model/data.yaml","--weights","''","--hyp","D:/learn/trywork/python/HOK/model/hyp.yaml","--cfg","C:/Users/86135/AppData/Local/Programs/Python/Python311/yolov5/models/yolov5s.yaml","--name","C:/Users/86135/Desktop/program/new/pythonAi/yolov5s_train"],"env":null,"hostname":"LAPTOP-NRUNIQFR","ip":"192.168.8.11","machine":"AMD64","os":"Windows-10-10.0.22621-SP0","os_release":"10","os_type":"Windows","pid":23208,"processor":"AMD64 Family 25 Model 80 Stepping 0, AuthenticAMD","python_exe":"C:\\Users\\86135\\AppData\\Local\\Programs\\Python\\Python311\\python.exe","python_version":"3.11.4","python_version_verbose":"3.11.4 (tags/v3.11.4:d2340ef, Jun  7 2023, 05:45:37) [MSC v.1934 64 bit (AMD64)]","user":"86135"},"local_timestamp":1688610779925},"type":"ws_msg"}
{"payload":{"gpu_static_info":[{"gpu_index":0,"name":"NVIDIA GeForce RTX 3070 Laptop GPU","power_limit":95000,"total_memory":8589934592,"uuid":"GPU-0fffa678-5aef-d53b-8f6e-18ae6a836e48"}],"local_timestamp":1688610779946},"type":"ws_msg"}
{"payload":{"local_timestamp":1688610779946,"metric":{"epoch":null,"metricName":"sys.gpu.0.total_memory","metricValue":8589934592,"step":null}},"type":"metric_msg"}
{"payload":{"local_timestamp":1688610780166,"metric":{"epoch":null,"metricName":"sys.cpu.percent.avg","metricValue":4.275,"step":null}},"type":"metric_msg"}
{"payload":{"local_timestamp":1688610780166,"metric":{"epoch":null,"metricName":"sys.load.avg","metricValue":0.0,"step":null}},"type":"metric_msg"}
{"payload":{"local_timestamp":1688610780166,"metric":{"epoch":null,"metricName":"sys.ram.total","metricValue":16539623424,"step":null}},"type":"metric_msg"}
{"payload":{"local_timestamp":1688610780166,"metric":{"epoch":null,"metricName":"sys.ram.used","metricValue":6326996992,"step":null}},"type":"metric_msg"}
{"payload":{"local_timestamp":1688610780175,"param":{"paramName":"device","paramValue":0,"source":"cli","step":null}},"type":"parameter_msg"}
{"payload":{"local_timestamp":1688610780175,"param":{"paramName":"img-size","paramValue":640,"source":"cli","step":null}},"type":"parameter_msg"}
{"payload":{"local_timestamp":1688610780175,"param":{"paramName":"batch-size","paramValue":24,"source":"cli","step":null}},"type":"parameter_msg"}
{"payload":{"local_timestamp":1688610780175,"param":{"paramName":"epochs","paramValue":100,"source":"cli","step":null}},"type":"parameter_msg"}
{"payload":{"local_timestamp":1688610780175,"param":{"paramName":"data","paramValue":"D:/learn/trywork/python/HOK/model/data.yaml","source":"cli","step":null}},"type":"parameter_msg"}
{"payload":{"local_timestamp":1688610780175,"param":{"paramName":"weights","paramValue":"","source":"cli","step":null}},"type":"parameter_msg"}
{"payload":{"local_timestamp":1688610780176,"param":{"paramName":"hyp","paramValue":"D:/learn/trywork/python/HOK/model/hyp.yaml","source":"cli","step":null}},"type":"parameter_msg"}
{"payload":{"local_timestamp":1688610780176,"param":{"paramName":"cfg","paramValue":"C:/Users/86135/AppData/Local/Programs/Python/Python311/yolov5/models/yolov5s.yaml","source":"cli","step":null}},"type":"parameter_msg"}
{"payload":{"local_timestamp":1688610780176,"param":{"paramName":"name","paramValue":"C:/Users/86135/Desktop/program/new/pythonAi/yolov5s_train","source":"cli","step":null}},"type":"parameter_msg"}
{"payload":{"local_timestamp":1688610780176,"log_other":{"key":"offline_experiment","val":true}},"type":"ws_msg"}
{"payload":{"local_timestamp":1688610780176,"log_other":{"key":"Name","val":"C:/Users/86135/Desktop/program/new/pythonAi/yolov5s_train"}},"type":"ws_msg"}
{"payload":{"local_timestamp":1688610780179,"metric":{"epoch":null,"metricName":"sys.gpu.0.free_memory","metricValue":8052858880,"step":null}},"type":"metric_msg"}
{"payload":{"local_timestamp":1688610780179,"metric":{"epoch":null,"metricName":"sys.gpu.0.gpu_utilization","metricValue":0,"step":null}},"type":"metric_msg"}
{"payload":{"local_timestamp":1688610780179,"metric":{"epoch":null,"metricName":"sys.gpu.0.power_usage","metricValue":13401,"step":null}},"type":"metric_msg"}
{"payload":{"local_timestamp":1688610780179,"metric":{"epoch":null,"metricName":"sys.gpu.0.temperature","metricValue":61,"step":null}},"type":"metric_msg"}
{"payload":{"local_timestamp":1688610780179,"metric":{"epoch":null,"metricName":"sys.gpu.0.used_memory","metricValue":537075712,"step":null}},"type":"metric_msg"}
{"payload":{"additional_params":{"assetId":"933e4b0c0acb418da288d16282fd1328","context":null,"extension":"yaml","fileName":"data.yaml","overwrite":false,"runId":null,"step":null},"clean":true,"file_path":"tmpdrpntvb9","local_timestamp":1688610780187,"metadata":{"type":"data-config-file"},"upload_type":"asset"},"type":"file_upload"}
{"payload":{"local_timestamp":1688610780193,"log_other":{"key":"Created from","val":"YOLOv5"}},"type":"ws_msg"}
{"payload":{"local_timestamp":1688610780193,"log_other":{"key":"hasNestedParams","val":true}},"type":"ws_msg"}
{"payload":{"local_timestamp":1688610780193,"param":{"paramName":"artifact_alias","paramValue":"latest","source":"manual","step":null}},"type":"parameter_msg"}
{"payload":{"local_timestamp":1688610780193,"param":{"paramName":"batch_size","paramValue":24,"source":"manual","step":null}},"type":"parameter_msg"}
{"payload":{"local_timestamp":1688610780193,"param":{"paramName":"bbox_interval","paramValue":-1,"source":"manual","step":null}},"type":"parameter_msg"}
{"payload":{"local_timestamp":1688610780193,"param":{"paramName":"bucket","paramValue":"","source":"manual","step":null}},"type":"parameter_msg"}
{"payload":{"local_timestamp":1688610780193,"param":{"paramName":"cache","paramValue":null,"source":"manual","step":null}},"type":"parameter_msg"}
{"payload":{"local_timestamp":1688610780193,"param":{"paramName":"cos_lr","paramValue":false,"source":"manual","step":null}},"type":"parameter_msg"}
{"payload":{"local_timestamp":1688610780193,"param":{"paramName":"device","paramValue":"0","source":"manual","step":null}},"type":"parameter_msg"}
{"payload":{"local_timestamp":1688610780194,"param":{"paramName":"entity","paramValue":null,"source":"manual","step":null}},"type":"parameter_msg"}
{"payload":{"local_timestamp":1688610780194,"param":{"paramName":"evolve","paramValue":null,"source":"manual","step":null}},"type":"parameter_msg"}
{"payload":{"local_timestamp":1688610780194,"param":{"paramName":"exist_ok","paramValue":false,"source":"manual","step":null}},"type":"parameter_msg"}
{"payload":{"local_timestamp":1688610780194,"params":{"paramName":"freeze","paramValue":[0],"source":"manual","step":null}},"type":"parameter_msg"}
{"payload":{"local_timestamp":1688610780194,"param":{"paramName":"hyp|anchor_t","paramValue":2.91,"source":"manual","step":null}},"type":"parameter_msg"}
{"payload":{"local_timestamp":1688610780194,"param":{"paramName":"hyp|box","paramValue":0.0296,"source":"manual","step":null}},"type":"parameter_msg"}
{"payload":{"local_timestamp":1688610780194,"param":{"paramName":"hyp|cls","paramValue":0.243,"source":"manual","step":null}},"type":"parameter_msg"}
{"payload":{"local_timestamp":1688610780194,"param":{"paramName":"hyp|cls_pw","paramValue":0.631,"source":"manual","step":null}},"type":"parameter_msg"}
{"payload":{"local_timestamp":1688610780194,"param":{"paramName":"hyp|copy_paste","paramValue":0.0,"source":"manual","step":null}},"type":"parameter_msg"}
{"payload":{"local_timestamp":1688610780194,"param":{"paramName":"hyp|degrees","paramValue":0.373,"source":"manual","step":null}},"type":"parameter_msg"}
{"payload":{"local_timestamp":1688610780194,"param":{"paramName":"hyp|fl_gamma","paramValue":0.0,"source":"manual","step":null}},"type":"parameter_msg"}
{"payload":{"local_timestamp":1688610780194,"param":{"paramName":"hyp|fliplr","paramValue":0.5,"source":"manual","step":null}},"type":"parameter_msg"}
{"payload":{"local_timestamp":1688610780194,"param":{"paramName":"hyp|flipud","paramValue":0.00856,"source":"manual","step":null}},"type":"parameter_msg"}
{"payload":{"local_timestamp":1688610780194,"param":{"paramName":"hyp|hsv_h","paramValue":0.0138,"source":"manual","step":null}},"type":"parameter_msg"}
{"payload":{"local_timestamp":1688610780194,"param":{"paramName":"hyp|hsv_s","paramValue":0.568,"source":"manual","step":null}},"type":"parameter_msg"}
{"payload":{"local_timestamp":1688610780194,"param":{"paramName":"hyp|hsv_v","paramValue":0.464,"source":"manual","step":null}},"type":"parameter_msg"}
{"payload":{"local_timestamp":1688610780194,"param":{"paramName":"hyp|iou_t","paramValue":0.2,"source":"manual","step":null}},"type":"parameter_msg"}
{"payload":{"local_timestamp":1688610780194,"param":{"paramName":"hyp|lr0","paramValue":0.0032,"source":"manual","step":null}},"type":"parameter_msg"}
{"payload":{"local_timestamp":1688610780194,"param":{"paramName":"hyp|lrf","paramValue":0.13,"source":"manual","step":null}},"type":"parameter_msg"}
{"payload":{"local_timestamp":1688610780194,"param":{"paramName":"hyp|mixup","paramValue":0.243,"source":"manual","step":null}},"type":"parameter_msg"}
{"payload":{"local_timestamp":1688610780194,"param":{"paramName":"hyp|momentum","paramValue":0.82,"source":"manual","step":null}},"type":"parameter_msg"}
{"payload":{"local_timestamp":1688610780194,"param":{"paramName":"hyp|mosaic","paramValue":1.0,"source":"manual","step":null}},"type":"parameter_msg"}
{"payload":{"local_timestamp":1688610780194,"param":{"paramName":"hyp|obj","paramValue":0.301,"source":"manual","step":null}},"type":"parameter_msg"}
{"payload":{"local_timestamp":1688610780194,"param":{"paramName":"hyp|obj_pw","paramValue":0.911,"source":"manual","step":null}},"type":"parameter_msg"}
{"payload":{"local_timestamp":1688610780194,"param":{"paramName":"hyp|perspective","paramValue":0.0,"source":"manual","step":null}},"type":"parameter_msg"}
{"payload":{"local_timestamp":1688610780194,"param":{"paramName":"hyp|scale","paramValue":0.898,"source":"manual","step":null}},"type":"parameter_msg"}
{"payload":{"local_timestamp":1688610780194,"param":{"paramName":"hyp|shear","paramValue":0.602,"source":"manual","step":null}},"type":"parameter_msg"}
{"payload":{"local_timestamp":1688610780194,"param":{"paramName":"hyp|translate","paramValue":0.245,"source":"manual","step":null}},"type":"parameter_msg"}
{"payload":{"local_timestamp":1688610780194,"param":{"paramName":"hyp|warmup_bias_lr","paramValue":0.05,"source":"manual","step":null}},"type":"parameter_msg"}
{"payload":{"local_timestamp":1688610780194,"param":{"paramName":"hyp|warmup_epochs","paramValue":2.0,"source":"manual","step":null}},"type":"parameter_msg"}
{"payload":{"local_timestamp":1688610780194,"param":{"paramName":"hyp|warmup_momentum","paramValue":0.5,"source":"manual","step":null}},"type":"parameter_msg"}
{"payload":{"local_timestamp":1688610780194,"param":{"paramName":"hyp|weight_decay","paramValue":0.00056,"source":"manual","step":null}},"type":"parameter_msg"}
{"payload":{"local_timestamp":1688610780194,"param":{"paramName":"image_weights","paramValue":false,"source":"manual","step":null}},"type":"parameter_msg"}
{"payload":{"local_timestamp":1688610780194,"param":{"paramName":"imgsz","paramValue":640,"source":"manual","step":null}},"type":"parameter_msg"}
{"payload":{"local_timestamp":1688610780194,"param":{"paramName":"label_smoothing","paramValue":0.0,"source":"manual","step":null}},"type":"parameter_msg"}
{"payload":{"local_timestamp":1688610780194,"param":{"paramName":"local_rank","paramValue":-1,"source":"manual","step":null}},"type":"parameter_msg"}
{"payload":{"local_timestamp":1688610780194,"param":{"paramName":"multi_scale","paramValue":false,"source":"manual","step":null}},"type":"parameter_msg"}
{"payload":{"local_timestamp":1688610780194,"param":{"paramName":"noautoanchor","paramValue":true,"source":"manual","step":null}},"type":"parameter_msg"}
{"payload":{"local_timestamp":1688610780194,"param":{"paramName":"noplots","paramValue":false,"source":"manual","step":null}},"type":"parameter_msg"}
{"payload":{"local_timestamp":1688610780194,"param":{"paramName":"nosave","paramValue":false,"source":"manual","step":null}},"type":"parameter_msg"}
{"payload":{"local_timestamp":1688610780194,"param":{"paramName":"noval","paramValue":false,"source":"manual","step":null}},"type":"parameter_msg"}
{"payload":{"local_timestamp":1688610780194,"param":{"paramName":"optimizer","paramValue":"SGD","source":"manual","step":null}},"type":"parameter_msg"}
{"payload":{"local_timestamp":1688610780194,"param":{"paramName":"patience","paramValue":100,"source":"manual","step":null}},"type":"parameter_msg"}
{"payload":{"local_timestamp":1688610780194,"param":{"paramName":"project","paramValue":"runs\\train","source":"manual","step":null}},"type":"parameter_msg"}
{"payload":{"local_timestamp":1688610780194,"param":{"paramName":"quad","paramValue":false,"source":"manual","step":null}},"type":"parameter_msg"}
{"payload":{"local_timestamp":1688610780194,"param":{"paramName":"rect","paramValue":false,"source":"manual","step":null}},"type":"parameter_msg"}
{"payload":{"local_timestamp":1688610780194,"param":{"paramName":"resume","paramValue":false,"source":"manual","step":null}},"type":"parameter_msg"}
{"payload":{"local_timestamp":1688610780194,"param":{"paramName":"save_dir","paramValue":"C:\\Users\\86135\\Desktop\\program\\new\\pythonAi\\yolov5s_train18","source":"manual","step":null}},"type":"parameter_msg"}
{"payload":{"local_timestamp":1688610780194,"param":{"paramName":"save_period","paramValue":-1,"source":"manual","step":null}},"type":"parameter_msg"}
{"payload":{"local_timestamp":1688610780194,"param":{"paramName":"seed","paramValue":0,"source":"manual","step":null}},"type":"parameter_msg"}
{"payload":{"local_timestamp":1688610780194,"param":{"paramName":"single_cls","paramValue":false,"source":"manual","step":null}},"type":"parameter_msg"}
{"payload":{"local_timestamp":1688610780194,"param":{"paramName":"sync_bn","paramValue":false,"source":"manual","step":null}},"type":"parameter_msg"}
{"payload":{"local_timestamp":1688610780194,"param":{"paramName":"upload_dataset","paramValue":false,"source":"manual","step":null}},"type":"parameter_msg"}
{"payload":{"local_timestamp":1688610780194,"param":{"paramName":"weights","paramValue":"''","source":"manual","step":null}},"type":"parameter_msg"}
{"payload":{"local_timestamp":1688610780194,"param":{"paramName":"workers","paramValue":8,"source":"manual","step":null}},"type":"parameter_msg"}
{"payload":{"local_timestamp":1688610780194,"param":{"paramName":"anchor_t","paramValue":2.91,"source":"manual","step":null}},"type":"parameter_msg"}
{"payload":{"local_timestamp":1688610780194,"param":{"paramName":"box","paramValue":0.0296,"source":"manual","step":null}},"type":"parameter_msg"}
{"payload":{"local_timestamp":1688610780194,"param":{"paramName":"cls","paramValue":0.243,"source":"manual","step":null}},"type":"parameter_msg"}
{"payload":{"local_timestamp":1688610780194,"param":{"paramName":"cls_pw","paramValue":0.631,"source":"manual","step":null}},"type":"parameter_msg"}
{"payload":{"local_timestamp":1688610780194,"param":{"paramName":"copy_paste","paramValue":0.0,"source":"manual","step":null}},"type":"parameter_msg"}
{"payload":{"local_timestamp":1688610780194,"param":{"paramName":"degrees","paramValue":0.373,"source":"manual","step":null}},"type":"parameter_msg"}
{"payload":{"local_timestamp":1688610780194,"param":{"paramName":"fl_gamma","paramValue":0.0,"source":"manual","step":null}},"type":"parameter_msg"}
{"payload":{"local_timestamp":1688610780194,"param":{"paramName":"fliplr","paramValue":0.5,"source":"manual","step":null}},"type":"parameter_msg"}
{"payload":{"local_timestamp":1688610780194,"param":{"paramName":"flipud","paramValue":0.00856,"source":"manual","step":null}},"type":"parameter_msg"}
{"payload":{"local_timestamp":1688610780194,"param":{"paramName":"hsv_h","paramValue":0.0138,"source":"manual","step":null}},"type":"parameter_msg"}
{"payload":{"local_timestamp":1688610780194,"param":{"paramName":"hsv_s","paramValue":0.568,"source":"manual","step":null}},"type":"parameter_msg"}
{"payload":{"local_timestamp":1688610780194,"param":{"paramName":"hsv_v","paramValue":0.464,"source":"manual","step":null}},"type":"parameter_msg"}
{"payload":{"local_timestamp":1688610780194,"param":{"paramName":"iou_t","paramValue":0.2,"source":"manual","step":null}},"type":"parameter_msg"}
{"payload":{"local_timestamp":1688610780194,"param":{"paramName":"lr0","paramValue":0.0032,"source":"manual","step":null}},"type":"parameter_msg"}
{"payload":{"local_timestamp":1688610780194,"param":{"paramName":"lrf","paramValue":0.13,"source":"manual","step":null}},"type":"parameter_msg"}
{"payload":{"local_timestamp":1688610780194,"param":{"paramName":"mixup","paramValue":0.243,"source":"manual","step":null}},"type":"parameter_msg"}
{"payload":{"local_timestamp":1688610780194,"param":{"paramName":"momentum","paramValue":0.82,"source":"manual","step":null}},"type":"parameter_msg"}
{"payload":{"local_timestamp":1688610780194,"param":{"paramName":"mosaic","paramValue":1.0,"source":"manual","step":null}},"type":"parameter_msg"}
{"payload":{"local_timestamp":1688610780194,"param":{"paramName":"obj","paramValue":0.301,"source":"manual","step":null}},"type":"parameter_msg"}
{"payload":{"local_timestamp":1688610780194,"param":{"paramName":"obj_pw","paramValue":0.911,"source":"manual","step":null}},"type":"parameter_msg"}
{"payload":{"local_timestamp":1688610780194,"param":{"paramName":"perspective","paramValue":0.0,"source":"manual","step":null}},"type":"parameter_msg"}
{"payload":{"local_timestamp":1688610780194,"param":{"paramName":"scale","paramValue":0.898,"source":"manual","step":null}},"type":"parameter_msg"}
{"payload":{"local_timestamp":1688610780194,"param":{"paramName":"shear","paramValue":0.602,"source":"manual","step":null}},"type":"parameter_msg"}
{"payload":{"local_timestamp":1688610780194,"param":{"paramName":"translate","paramValue":0.245,"source":"manual","step":null}},"type":"parameter_msg"}
{"payload":{"local_timestamp":1688610780194,"param":{"paramName":"warmup_bias_lr","paramValue":0.05,"source":"manual","step":null}},"type":"parameter_msg"}
{"payload":{"local_timestamp":1688610780194,"param":{"paramName":"warmup_epochs","paramValue":2.0,"source":"manual","step":null}},"type":"parameter_msg"}
{"payload":{"local_timestamp":1688610780194,"param":{"paramName":"warmup_momentum","paramValue":0.5,"source":"manual","step":null}},"type":"parameter_msg"}
{"payload":{"local_timestamp":1688610780194,"param":{"paramName":"weight_decay","paramValue":0.00056,"source":"manual","step":null}},"type":"parameter_msg"}
{"payload":{"additional_params":{"assetId":"1aaf85a117ac42529579d7de0ba5c01f","context":null,"epoch":null,"extension":"json","fileName":"hyperparameters.json","overwrite":false,"runId":null,"step":null},"clean":true,"file_path":"tmpafs60wq4","local_timestamp":1688610780201,"metadata":{"type":"hyp-config-file"},"upload_type":"asset"},"type":"file_upload"}
{"payload":{"additional_params":{"assetId":"423f9d8d26134e0b980642ccd853dfd1","context":null,"extension":"yaml","fileName":"opt.yaml","overwrite":false,"runId":null,"step":null},"clean":true,"file_path":"tmpk99wlnbt","local_timestamp":1688610780203,"metadata":{"type":"opt-config-file"},"upload_type":"asset"},"type":"file_upload"}
{"payload":{"local_timestamp":1688610780203,"param":{"paramName":"val_conf_threshold","paramValue":0.001,"source":"manual","step":null}},"type":"parameter_msg"}
{"payload":{"local_timestamp":1688610780203,"param":{"paramName":"val_iou_threshold","paramValue":0.6,"source":"manual","step":null}},"type":"parameter_msg"}
{"payload":{"local_timestamp":1688610780203,"log_other":{"key":"comet_mode","val":"online"}},"type":"ws_msg"}
{"payload":{"local_timestamp":1688610780203,"log_other":{"key":"comet_max_image_uploads","val":100}},"type":"ws_msg"}
{"payload":{"local_timestamp":1688610780203,"log_other":{"key":"comet_log_per_class_metrics","val":false}},"type":"ws_msg"}
{"payload":{"local_timestamp":1688610780203,"log_other":{"key":"comet_log_batch_metrics","val":false}},"type":"ws_msg"}
{"payload":{"local_timestamp":1688610780203,"log_other":{"key":"comet_log_confusion_matrix","val":true}},"type":"ws_msg"}
{"payload":{"local_timestamp":1688610780203,"log_other":{"key":"comet_model_name","val":"yolov5"}},"type":"ws_msg"}
{"payload":{"local_timestamp":1688610780212,"stderr":true,"stdout":"\n                 from  n    params  module                                  arguments                     \n"},"type":"ws_msg"}
{"payload":{"local_timestamp":1688610780215,"stderr":true,"stdout":"  0                -1  1      3520  models.common.Conv                      [3, 32, 6, 2, 2]              \n"},"type":"ws_msg"}
{"payload":{"local_timestamp":1688610780215,"stderr":true,"stdout":"  1                -1  1     18560  models.common.Conv                      [32, 64, 3, 2]                \n"},"type":"ws_msg"}
{"payload":{"local_timestamp":1688610780220,"stderr":true,"stdout":"  2                -1  1     18816  models.common.C3                        [64, 64, 1]                   \n"},"type":"ws_msg"}
{"payload":{"local_timestamp":1688610780224,"stderr":true,"stdout":"  3                -1  1     73984  models.common.Conv                      [64, 128, 3, 2]               \n"},"type":"ws_msg"}
{"payload":{"local_timestamp":1688610780228,"stderr":true,"stdout":"  4                -1  2    115712  models.common.C3                        [128, 128, 2]                 \n"},"type":"ws_msg"}
{"payload":{"local_timestamp":1688610780230,"stderr":true,"stdout":"  5                -1  1    295424  models.common.Conv                      [128, 256, 3, 2]              \n"},"type":"ws_msg"}
{"payload":{"local_timestamp":1688610780234,"stderr":true,"stdout":"\u001b[1;38;5;39mCOMET INFO:\u001b[0m Couldn't find a Git repository in 'C:\\\\Users\\\\86135\\\\AppData\\\\Local\\\\Programs\\\\Python\\\\Python311\\\\yolov5' nor in any parent directory. Set `COMET_GIT_DIRECTORY` if your Git Repository is elsewhere.\n"},"type":"ws_msg"}
{"payload":{"local_timestamp":1688610780237,"stderr":true,"stdout":"  6                -1  3    625152  models.common.C3                        [256, 256, 3]                 \n"},"type":"ws_msg"}
{"payload":{"local_timestamp":1688610780242,"stderr":true,"stdout":"  7                -1  1   1180672  models.common.Conv                      [256, 512, 3, 2]              \n"},"type":"ws_msg"}
{"payload":{"local_timestamp":1688610780248,"stderr":true,"stdout":"  8                -1  1   1182720  models.common.C3                        [512, 512, 1]                 \n"},"type":"ws_msg"}
{"payload":{"local_timestamp":1688610780252,"stderr":true,"stdout":"  9                -1  1    656896  models.common.SPPF                      [512, 512, 5]                 \n"},"type":"ws_msg"}
{"payload":{"local_timestamp":1688610780253,"stderr":true,"stdout":" 10                -1  1    131584  models.common.Conv                      [512, 256, 1, 1]              \n"},"type":"ws_msg"}
{"payload":{"local_timestamp":1688610780253,"stderr":true,"stdout":" 11                -1  1         0  torch.nn.modules.upsampling.Upsample    [None, 2, 'nearest']          \n"},"type":"ws_msg"}
{"payload":{"local_timestamp":1688610780253,"stderr":true,"stdout":" 12           [-1, 6]  1         0  models.common.Concat                    [1]                           \n"},"type":"ws_msg"}
{"payload":{"local_timestamp":1688610780256,"stderr":true,"stdout":" 13                -1  1    361984  models.common.C3                        [512, 256, 1, False]          \n"},"type":"ws_msg"}
{"payload":{"local_timestamp":1688610780256,"stderr":true,"stdout":" 14                -1  1     33024  models.common.Conv                      [256, 128, 1, 1]              \n"},"type":"ws_msg"}
{"payload":{"local_timestamp":1688610780256,"stderr":true,"stdout":" 15                -1  1         0  torch.nn.modules.upsampling.Upsample    [None, 2, 'nearest']          \n"},"type":"ws_msg"}
{"payload":{"local_timestamp":1688610780257,"stderr":true,"stdout":" 16           [-1, 4]  1         0  models.common.Concat                    [1]                           \n"},"type":"ws_msg"}
{"payload":{"local_timestamp":1688610780258,"stderr":true,"stdout":" 17                -1  1     90880  models.common.C3                        [256, 128, 1, False]          \n"},"type":"ws_msg"}
{"payload":{"local_timestamp":1688610780259,"stderr":true,"stdout":" 18                -1  1    147712  models.common.Conv                      [128, 128, 3, 2]              \n"},"type":"ws_msg"}
{"payload":{"local_timestamp":1688610780259,"stderr":true,"stdout":" 19          [-1, 14]  1         0  models.common.Concat                    [1]                           \n"},"type":"ws_msg"}
{"payload":{"local_timestamp":1688610780262,"stderr":true,"stdout":" 20                -1  1    296448  models.common.C3                        [256, 256, 1, False]          \n"},"type":"ws_msg"}
{"payload":{"local_timestamp":1688610780264,"stderr":true,"stdout":" 21                -1  1    590336  models.common.Conv                      [256, 256, 3, 2]              \n"},"type":"ws_msg"}
{"payload":{"local_timestamp":1688610780264,"stderr":true,"stdout":" 22          [-1, 10]  1         0  models.common.Concat                    [1]                           \n"},"type":"ws_msg"}
{"payload":{"local_timestamp":1688610780270,"stderr":true,"stdout":" 23                -1  1   1182720  models.common.C3                        [512, 512, 1, False]          \n"},"type":"ws_msg"}
{"payload":{"local_timestamp":1688610780273,"stderr":true,"stdout":" 24      [17, 20, 23]  1    299367  models.yolo.Detect                      [106, [[10, 13, 16, 30, 33, 23], [30, 61, 62, 45, 59, 119], [116, 90, 156, 198, 373, 326]], [128, 256, 512]]\n"},"type":"ws_msg"}
{"payload":{"local_timestamp":1688610780440,"stderr":true,"stdout":"YOLOv5s summary: 214 layers, 7305511 parameters, 7305511 gradients, 16.8 GFLOPs\n"},"type":"ws_msg"}
{"payload":{"local_timestamp":1688610780441,"stderr":true,"stdout":"\n"},"type":"ws_msg"}
{"payload":{"local_timestamp":1688610785692,"stderr":true,"stdout":"\u001b[34m\u001b[1mAMP: \u001b[0mchecks passed \n"},"type":"ws_msg"}
{"payload":{"local_timestamp":1688610785695,"stderr":true,"stdout":"\u001b[34m\u001b[1moptimizer:\u001b[0m SGD(lr=0.0032) with parameter groups 57 weight(decay=0.0), 60 weight(decay=0.0006299999999999999), 60 bias\n"},"type":"ws_msg"}
{"payload":{"local_timestamp":1688610786012,"stderr":true,"stdout":"\r\u001b[34m\u001b[1mtrain: \u001b[0mScanning D:\\learn\\trywork\\python\\HOK\\practise2...:   0%|          | 0/612 [00:00<?, ?it/s]\u001b[0m"},"type":"ws_msg"}
{"payload":{"local_timestamp":1688610797351,"stderr":true,"stdout":"\r\u001b[34m\u001b[1mtrain: \u001b[0mScanning D:\\learn\\trywork\\python\\HOK\\practise2... 1 images, 0 backgrounds, 0 corrupt:   0%|          | 1/612 [00\u001b[0m"},"type":"ws_msg"}
{"payload":{"local_timestamp":1688610797462,"stderr":true,"stdout":"\r\u001b[34m\u001b[1mtrain: \u001b[0mScanning D:\\learn\\trywork\\python\\HOK\\practise2... 19 images, 0 backgrounds, 0 corrupt:   3%|\u258e         | 19/612 [\u001b[0m"},"type":"ws_msg"}
{"payload":{"local_timestamp":1688610797562,"stderr":true,"stdout":"\r\u001b[34m\u001b[1mtrain: \u001b[0mScanning D:\\learn\\trywork\\python\\HOK\\practise2... 69 images, 0 backgrounds, 0 corrupt:  11%|\u2588\u258f        | 69/612 [\u001b[0m"},"type":"ws_msg"}
{"payload":{"local_timestamp":1688610797670,"stderr":true,"stdout":"\r\u001b[34m\u001b[1mtrain: \u001b[0mScanning D:\\learn\\trywork\\python\\HOK\\practise2... 121 images, 0 backgrounds, 0 corrupt:  20%|\u2588\u2589        | 121/612\u001b[0m"},"type":"ws_msg"}
{"payload":{"local_timestamp":1688610797771,"stderr":true,"stdout":"\r\u001b[34m\u001b[1mtrain: \u001b[0mScanning D:\\learn\\trywork\\python\\HOK\\practise2... 169 images, 0 backgrounds, 0 corrupt:  28%|\u2588\u2588\u258a       | 169/612\u001b[0m"},"type":"ws_msg"}
{"payload":{"local_timestamp":1688610797872,"stderr":true,"stdout":"\r\u001b[34m\u001b[1mtrain: \u001b[0mScanning D:\\learn\\trywork\\python\\HOK\\practise2... 217 images, 0 backgrounds, 0 corrupt:  35%|\u2588\u2588\u2588\u258c      | 217/612\u001b[0m"},"type":"ws_msg"}
{"payload":{"local_timestamp":1688610797981,"stderr":true,"stdout":"\r\u001b[34m\u001b[1mtrain: \u001b[0mScanning D:\\learn\\trywork\\python\\HOK\\practise2... 268 images, 0 backgrounds, 0 corrupt:  44%|\u2588\u2588\u2588\u2588\u258d     | 268/612\u001b[0m"},"type":"ws_msg"}
{"payload":{"local_timestamp":1688610798088,"stderr":true,"stdout":"\r\u001b[34m\u001b[1mtrain: \u001b[0mScanning D:\\learn\\trywork\\python\\HOK\\practise2... 321 images, 0 backgrounds, 0 corrupt:  52%|\u2588\u2588\u2588\u2588\u2588\u258f    | 321/612\u001b[0m"},"type":"ws_msg"}
{"payload":{"local_timestamp":1688610798188,"stderr":true,"stdout":"\r\u001b[34m\u001b[1mtrain: \u001b[0mScanning D:\\learn\\trywork\\python\\HOK\\practise2... 369 images, 0 backgrounds, 0 corrupt:  60%|\u2588\u2588\u2588\u2588\u2588\u2588    | 369/612\u001b[0m"},"type":"ws_msg"}
{"payload":{"local_timestamp":1688610798290,"stderr":true,"stdout":"\r\u001b[34m\u001b[1mtrain: \u001b[0mScanning D:\\learn\\trywork\\python\\HOK\\practise2... 417 images, 0 backgrounds, 0 corrupt:  68%|\u2588\u2588\u2588\u2588\u2588\u2588\u258a   | 417/612\u001b[0m"},"type":"ws_msg"}
{"payload":{"local_timestamp":1688610798398,"stderr":true,"stdout":"\r\u001b[34m\u001b[1mtrain: \u001b[0mScanning D:\\learn\\trywork\\python\\HOK\\practise2... 465 images, 0 backgrounds, 0 corrupt:  76%|\u2588\u2588\u2588\u2588\u2588\u2588\u2588\u258c  | 465/612\u001b[0m"},"type":"ws_msg"}
{"payload":{"local_timestamp":1688610798499,"stderr":true,"stdout":"\r\u001b[34m\u001b[1mtrain: \u001b[0mScanning D:\\learn\\trywork\\python\\HOK\\practise2... 513 images, 0 backgrounds, 0 corrupt:  84%|\u2588\u2588\u2588\u2588\u2588\u2588\u2588\u2588\u258d | 513/612\u001b[0m"},"type":"ws_msg"}
{"payload":{"local_timestamp":1688610798599,"stderr":true,"stdout":"\r\u001b[34m\u001b[1mtrain: \u001b[0mScanning D:\\learn\\trywork\\python\\HOK\\practise2... 564 images, 0 backgrounds, 1 corrupt:  92%|\u2588\u2588\u2588\u2588\u2588\u2588\u2588\u2588\u2588\u258f| 564/612\u001b[0m"},"type":"ws_msg"}
{"payload":{"local_timestamp":1688610798686,"stderr":true,"stdout":"\r\u001b[34m\u001b[1mtrain: \u001b[0mScanning D:\\learn\\trywork\\python\\HOK\\practise2... 610 images, 2 backgrounds, 41 corrupt: 100%|\u2588\u2588\u2588\u2588\u2588\u2588\u2588\u2588\u2588\u2588| 612/61\u001b[0m"},"type":"ws_msg"}
{"payload":{"local_timestamp":1688610798686,"stderr":true,"stdout":"\n"},"type":"ws_msg"}
{"payload":{"local_timestamp":1688610798805,"stderr":true,"stdout":"\u001b[34m\u001b[1mtrain: \u001b[0mWARNING  D:\\learn\\trywork\\python\\HOK\\practise2\\frame_0000.jpg: ignoring corrupt image/label: non-normalized or out of bounds coordinates [     1.8598        1.65      2.0414]\n\u001b[34m\u001b[1mtrain: \u001b[0mWARNING  D:\\learn\\trywork\\python\\HOK\\practise2\\frame_0200.jpg: ignoring corrupt image/label: non-normalized or out of bounds coordinates [     1.0626]\n\u001b[34m\u001b[1mtrain: \u001b[0mWARNING  D:\\learn\\trywork\\python\\HOK\\practise2\\frame_0250.jpg: ignoring corrupt image/label: non-normalized or out of bounds coordinates [     1.1712]\n\u001b[34m\u001b[1mtrain: \u001b[0mWARNING  D:\\learn\\trywork\\python\\HOK\\practise2\\frame_0300.jpg: ignoring corrupt image/label: non-normalized or out of bounds coordinates [     1.2203]\n\u001b[34m\u001b[1mtrain: \u001b[0mWARNING  D:\\learn\\trywork\\python\\HOK\\practise2\\frame_0450.jpg: ignoring corrupt image/label: non-normalized or out of bounds coordinates [     1.4236]\n\u001b[34m\u001b[1mtrain: \u001b[0mWARNING  D:\\learn\\trywork\\python\\HOK\\practise2\\frame_0550.jpg: ignoring corrupt image/label: non-normalized or out of bounds coordinates [     1.1205]\n\u001b[34m\u001b[1mtrain: \u001b[0mWARNING  D:\\learn\\trywork\\python\\HOK\\practise2\\frame_0600.jpg: ignoring corrupt image/label: non-normalized or out of bounds coordinates [     1.1328]\n\u001b[34m\u001b[1mtrain: \u001b[0mWARNING  D:\\learn\\trywork\\python\\HOK\\practise2\\frame_0650.jpg: ignoring corrupt image/label: non-normalized or out of bounds coordinates [     1.1133]\n\u001b[34m\u001b[1mtrain: \u001b[0mWARNING  D:\\learn\\trywork\\python\\HOK\\practise2\\frame_0700.jpg: ignoring corrupt image/label: non-normalized or out of bounds coordinates [     1.1111]\n\u001b[34m\u001b[1mtrain: \u001b[0mWARNING  D:\\learn\\trywork\\python\\HOK\\practise2\\frame_0850.jpg: ignoring corrupt image/label: non-normalized or out of bounds coordinates [     1.1328]\n\u001b[34m\u001b[1mtrain: \u001b[0mWARNING  D:\\learn\\trywork\\python\\HOK\\practise2\\frame_0950.jpg: ignoring corrupt image/label: non-normalized or out of bounds coordinates [     1.0836]\n\u001b[34m\u001b[1mtrain: \u001b[0mWARNING  D:\\learn\\trywork\\python\\HOK\\practise2\\frame_1000.jpg: ignoring corrupt image/label: non-normalized or out of bounds coordinates [     1.2847]\n\u001b[34m\u001b[1mtrain: \u001b[0mWARNING  D:\\learn\\trywork\\python\\HOK\\practise2\\frame_1100.jpg: ignoring corrupt image/label: non-normalized or out of bounds coordinates [      1.454]\n\u001b[34m\u001b[1mtrain: \u001b[0mWARNING  D:\\learn\\trywork\\python\\HOK\\practise2\\frame_1250.jpg: ignoring corrupt image/label: non-normalized or out of bounds coordinates [     1.1509]\n\u001b[34m\u001b[1mtrain: \u001b[0mWARNING  D:\\learn\\trywork\\python\\HOK\\practise2\\frame_1300.jpg: ignoring corrupt image/label: non-normalized or out of bounds coordinates [     1.1487]\n\u001b[34m\u001b[1mtrain: \u001b[0mWARNING  D:\\learn\\trywork\\python\\HOK\\practise2\\frame_1350.jpg: ignoring corrupt image/label: non-normalized or out of bounds coordinates [     1.1162]\n\u001b[34m\u001b[1mtrain: \u001b[0mWARNING  D:\\learn\\trywork\\python\\HOK\\practise2\\frame_1500.jpg: ignoring corrupt image/label: non-normalized or out of bounds coordinates [     1.1523]\n\u001b[34m\u001b[1mtrain: \u001b[0mWARNING  D:\\learn\\trywork\\python\\HOK\\practise2\\frame_1550.jpg: ignoring corrupt image/label: non-normalized or out of bounds coordinates [     1.1415]\n\u001b[34m\u001b[1mtrain: \u001b[0mWARNING  D:\\learn\\trywork\\python\\HOK\\practise2\\frame_1600.jpg: ignoring corrupt image/label: non-normalized or out of bounds coordinates [     1.0793]\n\u001b[34m\u001b[1mtrain: \u001b[0mWARNING  D:\\learn\\trywork\\python\\HOK\\practise2\\frame_1650.jpg: ignoring corrupt image/label: non-normalized or out of bounds coordinates [     1.1155]\n\u001b[34m\u001b[1mtrain: \u001b[0mWARNING  D:\\learn\\trywork\\python\\HOK\\practise2\\frame_1800.jpg: ignoring corrupt image/label: non-normalized or out of bounds coordinates [     1.2449]\n\u001b[34m\u001b[1mtrain: \u001b[0mWARNING  D:\\learn\\trywork\\python\\HOK\\practise2\\frame_1900.jpg: ignoring corrupt image/label: non-normalized or out of bounds coordinates [     1.0344]\n\u001b[34m\u001b[1mtrain: \u001b[0mWARNING  D:\\learn\\trywork\\python\\HOK\\practise2\\frame_1950.jpg: ignoring corrupt image/label: non-normalized or out of bounds coordinates [     1.1386]\n\u001b[34m\u001b[1mtrain: \u001b[0mWARNING  D:\\learn\\trywork\\python\\HOK\\practise2\\frame_2000.jpg: ignoring corrupt image/label: non-normalized or out of bounds coordinates [     1.0887]\n\u001b[34m\u001b[1mtrain: \u001b[0mWARNING  D:\\learn\\trywork\\python\\HOK\\practise2\\frame_2050.jpg: ignoring corrupt image/label: non-normalized or out of bounds coordinates [     1.0938]\n\u001b[34m\u001b[1mtrain: \u001b[0mWARNING  D:\\learn\\trywork\\python\\HOK\\practise2\\frame_2100.jpg: ignoring corrupt image/label: non-normalized or out of bounds coordinates [     1.1183]\n\u001b[34m\u001b[1mtrain: \u001b[0mWARNING  D:\\learn\\trywork\\python\\HOK\\practise2\\frame_2250.jpg: ignoring corrupt image/label: non-normalized or out of bounds coordinates [     1.4699]\n\u001b[34m\u001b[1mtrain: \u001b[0mWARNING  D:\\learn\\trywork\\python\\HOK\\practise2\\frame_2300.jpg: ignoring corrupt image/label: non-normalized or out of bounds coordinates [     1.2616]\n\u001b[34m\u001b[1mtrain: \u001b[0mWARNING  D:\\learn\\trywork\\python\\HOK\\practise2\\frame_2350.jpg: ignoring corrupt image/label: non-normalized or out of bounds coordinates [     1.1451]\n\u001b[34m\u001b[1mtrain: \u001b[0mWARNING  D:\\learn\\trywork\\python\\HOK\\practise2\\frame_2400.jpg: ignoring corrupt image/label: non-normalized or out of bounds coordinates [     1.1191]\n\u001b[34m\u001b[1mtrain: \u001b[0mWARNING  D:\\learn\\trywork\\python\\HOK\\practise2\\frame_2450.jpg: ignoring corrupt image/label: non-normalized or out of bounds coordinates [     1.1726]\n\u001b[34m\u001b[1mtrain: \u001b[0mWARNING  D:\\learn\\trywork\\python\\HOK\\practise2\\frame_2500.jpg: ignoring corrupt image/label: non-normalized or out of bounds coordinates [     1.1719]\n\u001b[34m\u001b[1mtrain: \u001b[0mWARNING  D:\\learn\\trywork\\python\\HOK\\practise2\\frame_2650.jpg: ignoring corrupt image/label: non-normalized or out of bounds coordinates [     1.1372]\n\u001b[34m\u001b[1mtrain: \u001b[0mWARNING  D:\\learn\\trywork\\python\\HOK\\practise2\\frame_2700.jpg: ignoring corrupt image/label: non-normalized or out of bounds coordinates [      1.122]\n\u001b[34m\u001b[1mtrain: \u001b[0mWARNING  D:\\learn\\trywork\\python\\HOK\\practise2\\frame_2750.jpg: ignoring corrupt image/label: non-normalized or out of bounds coordinates [     1.1053]\n\u001b[34m\u001b[1mtrain: \u001b[0mWARNING  D:\\learn\\trywork\\python\\HOK\\practise2\\frame_2800.jpg: ignoring corrupt image/label: non-normalized or out of bounds coordinates [     1.1335]\n\u001b[34m\u001b[1mtrain: \u001b[0mWARNING  D:\\learn\\trywork\\python\\HOK\\practise2\\frame_2850.jpg: ignoring corrupt image/label: non-normalized or out of bounds coordinates [     1.8793]\n\u001b[34m\u001b[1mtrain: \u001b[0mWARNING  D:\\learn\\trywork\\python\\HOK\\practise2\\frame_2900.jpg: ignoring corrupt image/label: non-normalized or out of bounds coordinates [     1.3043]\n\u001b[34m\u001b[1mtrain: \u001b[0mWARNING  D:\\learn\\trywork\\python\\HOK\\practise2\\frame_3000.jpg: ignoring corrupt image/label: non-normalized or out of bounds coordinates [       1.14]\n\u001b[34m\u001b[1mtrain: \u001b[0mWARNING  D:\\learn\\trywork\\python\\HOK\\practise2\\frame_3050.jpg: ignoring corrupt image/label: non-normalized or out of bounds coordinates [      1.182]\n\u001b[34m\u001b[1mtrain: \u001b[0mWARNING  D:\\learn\\trywork\\python\\HOK\\practise2\\frame_3100.jpg: ignoring corrupt image/label: non-normalized or out of bounds coordinates [     1.1466]\n"},"type":"ws_msg"}
{"payload":{"local_timestamp":1688610798893,"stderr":true,"stdout":"\u001b[34m\u001b[1mtrain: \u001b[0mWARNING  Cache directory D:\\learn\\trywork\\python\\HOK is not writeable: [WinError 183] : 'D:\\\\learn\\\\trywork\\\\python\\\\HOK\\\\practise2.cache.npy' -> 'D:\\\\learn\\\\trywork\\\\python\\\\HOK\\\\practise2.cache'\n"},"type":"ws_msg"}
{"payload":{"local_timestamp":1688610840190,"metric":{"epoch":null,"metricName":"sys.cpu.percent.avg","metricValue":7.612499999999999,"step":null}},"type":"metric_msg"}
{"payload":{"local_timestamp":1688610840190,"metric":{"epoch":null,"metricName":"sys.load.avg","metricValue":0.0,"step":null}},"type":"metric_msg"}
{"payload":{"local_timestamp":1688610840190,"metric":{"epoch":null,"metricName":"sys.ram.total","metricValue":16539623424,"step":null}},"type":"metric_msg"}
{"payload":{"local_timestamp":1688610840190,"metric":{"epoch":null,"metricName":"sys.ram.used","metricValue":12779216896,"step":null}},"type":"metric_msg"}
{"payload":{"local_timestamp":1688610840202,"metric":{"epoch":null,"metricName":"sys.network.send_bps","metricValue":64090,"step":null}},"type":"metric_msg"}
{"payload":{"local_timestamp":1688610840202,"metric":{"epoch":null,"metricName":"sys.network.receive_bps","metricValue":651887,"step":null}},"type":"metric_msg"}
{"payload":{"local_timestamp":1688610840206,"metric":{"epoch":null,"metricName":"sys.gpu.0.free_memory","metricValue":6545321984,"step":null}},"type":"metric_msg"}
{"payload":{"local_timestamp":1688610840206,"metric":{"epoch":null,"metricName":"sys.gpu.0.gpu_utilization","metricValue":0,"step":null}},"type":"metric_msg"}
{"payload":{"local_timestamp":1688610840206,"metric":{"epoch":null,"metricName":"sys.gpu.0.power_usage","metricValue":14365,"step":null}},"type":"metric_msg"}
{"payload":{"local_timestamp":1688610840206,"metric":{"epoch":null,"metricName":"sys.gpu.0.temperature","metricValue":65,"step":null}},"type":"metric_msg"}
{"payload":{"local_timestamp":1688610840206,"metric":{"epoch":null,"metricName":"sys.gpu.0.used_memory","metricValue":2044612608,"step":null}},"type":"metric_msg"}
{"payload":{"local_timestamp":1688610847686,"stderr":true,"stdout":"Traceback (most recent call last):\n"},"type":"ws_msg"}
{"payload":{"local_timestamp":1688610847686,"stderr":true,"stdout":"  File \"C:\\Users\\86135\\AppData\\Local\\Programs\\Python\\Python311\\yolov5\\train.py\", line 647, in <module>\n"},"type":"ws_msg"}
{"payload":{"local_timestamp":1688610847687,"stderr":true,"stdout":"    "},"type":"ws_msg"}
{"payload":{"local_timestamp":1688610847687,"stderr":true,"stdout":"main(opt)"},"type":"ws_msg"}
{"payload":{"local_timestamp":1688610847687,"stderr":true,"stdout":"\n"},"type":"ws_msg"}
{"payload":{"local_timestamp":1688610847687,"stderr":true,"stdout":"  File \"C:\\Users\\86135\\AppData\\Local\\Programs\\Python\\Python311\\yolov5\\train.py\", line 536, in main\n"},"type":"ws_msg"}
{"payload":{"local_timestamp":1688610847688,"stderr":true,"stdout":"    "},"type":"ws_msg"}
{"payload":{"local_timestamp":1688610847688,"stderr":true,"stdout":"train(opt.hyp, opt, device, callbacks)"},"type":"ws_msg"}
{"payload":{"local_timestamp":1688610847688,"stderr":true,"stdout":"\n"},"type":"ws_msg"}
{"payload":{"local_timestamp":1688610847688,"stderr":true,"stdout":"  File \"C:\\Users\\86135\\AppData\\Local\\Programs\\Python\\Python311\\yolov5\\train.py\", line 213, in train\n"},"type":"ws_msg"}
{"payload":{"local_timestamp":1688610847688,"stderr":true,"stdout":"    "},"type":"ws_msg"}
{"payload":{"local_timestamp":1688610847688,"stderr":true,"stdout":"assert mlc < nc, f'Label class {mlc} exceeds nc={nc} in {data}. Possible class labels are 0-{nc - 1}'"},"type":"ws_msg"}
{"payload":{"local_timestamp":1688610847688,"stderr":true,"stdout":"\n"},"type":"ws_msg"}
{"payload":{"local_timestamp":1688610847688,"stderr":true,"stdout":" "},"type":"ws_msg"}
{"payload":{"local_timestamp":1688610847688,"stderr":true,"stdout":" "},"type":"ws_msg"}
{"payload":{"local_timestamp":1688610847688,"stderr":true,"stdout":" "},"type":"ws_msg"}
{"payload":{"local_timestamp":1688610847688,"stderr":true,"stdout":" "},"type":"ws_msg"}
{"payload":{"local_timestamp":1688610847688,"stderr":true,"stdout":" "},"type":"ws_msg"}
{"payload":{"local_timestamp":1688610847688,"stderr":true,"stdout":" "},"type":"ws_msg"}
{"payload":{"local_timestamp":1688610847688,"stderr":true,"stdout":" "},"type":"ws_msg"}
{"payload":{"local_timestamp":1688610847688,"stderr":true,"stdout":" "},"type":"ws_msg"}
{"payload":{"local_timestamp":1688610847688,"stderr":true,"stdout":" "},"type":"ws_msg"}
{"payload":{"local_timestamp":1688610847688,"stderr":true,"stdout":" "},"type":"ws_msg"}
{"payload":{"local_timestamp":1688610847688,"stderr":true,"stdout":" "},"type":"ws_msg"}
{"payload":{"local_timestamp":1688610847688,"stderr":true,"stdout":"^"},"type":"ws_msg"}
{"payload":{"local_timestamp":1688610847688,"stderr":true,"stdout":"^"},"type":"ws_msg"}
{"payload":{"local_timestamp":1688610847688,"stderr":true,"stdout":"^"},"type":"ws_msg"}
{"payload":{"local_timestamp":1688610847688,"stderr":true,"stdout":"^"},"type":"ws_msg"}
{"payload":{"local_timestamp":1688610847688,"stderr":true,"stdout":"^"},"type":"ws_msg"}
{"payload":{"local_timestamp":1688610847688,"stderr":true,"stdout":"^"},"type":"ws_msg"}
{"payload":{"local_timestamp":1688610847688,"stderr":true,"stdout":"^"},"type":"ws_msg"}
{"payload":{"local_timestamp":1688610847688,"stderr":true,"stdout":"^"},"type":"ws_msg"}
{"payload":{"local_timestamp":1688610847688,"stderr":true,"stdout":"\n"},"type":"ws_msg"}
{"payload":{"local_timestamp":1688610847688,"stderr":true,"stdout":"AssertionError"},"type":"ws_msg"}
{"payload":{"local_timestamp":1688610847688,"stderr":true,"stdout":": "},"type":"ws_msg"}
{"payload":{"local_timestamp":1688610847688,"stderr":true,"stdout":"Label class 109 exceeds nc=106 in D:/learn/trywork/python/HOK/model/data.yaml. Possible class labels are 0-105"},"type":"ws_msg"}
{"payload":{"local_timestamp":1688610847689,"stderr":true,"stdout":"\n"},"type":"ws_msg"}
{"payload":{"local_timestamp":1688610847689,"stderr":true,"stdout":"\u001b[1;38;5;39mCOMET INFO:\u001b[0m ---------------------------------------------------------------------------------------\n"},"type":"ws_msg"}
{"payload":{"local_timestamp":1688610847690,"stderr":true,"stdout":"\u001b[1;38;5;39mCOMET INFO:\u001b[0m Comet.ml OfflineExperiment Summary\n"},"type":"ws_msg"}
{"payload":{"local_timestamp":1688610847690,"stderr":true,"stdout":"\u001b[1;38;5;39mCOMET INFO:\u001b[0m ---------------------------------------------------------------------------------------\n"},"type":"ws_msg"}
{"payload":{"local_timestamp":1688610847690,"stderr":true,"stdout":"\u001b[1;38;5;39mCOMET INFO:\u001b[0m   Data:\n"},"type":"ws_msg"}
{"payload":{"local_timestamp":1688610847690,"stderr":true,"stdout":"\u001b[1;38;5;39mCOMET INFO:\u001b[0m     display_summary_level : 1\n"},"type":"ws_msg"}
{"payload":{"local_timestamp":1688610847690,"stderr":true,"stdout":"\u001b[1;38;5;39mCOMET INFO:\u001b[0m     url                   : [OfflineExperiment will get URL after upload]\n"},"type":"ws_msg"}
{"payload":{"local_timestamp":1688610847690,"stderr":true,"stdout":"\u001b[1;38;5;39mCOMET INFO:\u001b[0m   Others:\n"},"type":"ws_msg"}
{"payload":{"local_timestamp":1688610847691,"stderr":true,"stdout":"\u001b[1;38;5;39mCOMET INFO:\u001b[0m     Created from                : YOLOv5\n"},"type":"ws_msg"}
{"payload":{"local_timestamp":1688610847691,"stderr":true,"stdout":"\u001b[1;38;5;39mCOMET INFO:\u001b[0m     Name                        : C:/Users/86135/Desktop/program/new/pythonAi/yolov5s_train\n"},"type":"ws_msg"}
{"payload":{"local_timestamp":1688610847691,"stderr":true,"stdout":"\u001b[1;38;5;39mCOMET INFO:\u001b[0m     comet_log_batch_metrics     : False\n"},"type":"ws_msg"}
{"payload":{"local_timestamp":1688610847691,"stderr":true,"stdout":"\u001b[1;38;5;39mCOMET INFO:\u001b[0m     comet_log_confusion_matrix  : True\n"},"type":"ws_msg"}
{"payload":{"local_timestamp":1688610847691,"stderr":true,"stdout":"\u001b[1;38;5;39mCOMET INFO:\u001b[0m     comet_log_per_class_metrics : False\n"},"type":"ws_msg"}
{"payload":{"local_timestamp":1688610847691,"stderr":true,"stdout":"\u001b[1;38;5;39mCOMET INFO:\u001b[0m     comet_max_image_uploads     : 100\n"},"type":"ws_msg"}
{"payload":{"local_timestamp":1688610847692,"stderr":true,"stdout":"\u001b[1;38;5;39mCOMET INFO:\u001b[0m     comet_mode                  : online\n"},"type":"ws_msg"}
{"payload":{"local_timestamp":1688610847692,"stderr":true,"stdout":"\u001b[1;38;5;39mCOMET INFO:\u001b[0m     comet_model_name            : yolov5\n"},"type":"ws_msg"}
{"payload":{"local_timestamp":1688610847692,"stderr":true,"stdout":"\u001b[1;38;5;39mCOMET INFO:\u001b[0m     hasNestedParams             : True\n"},"type":"ws_msg"}
{"payload":{"local_timestamp":1688610847692,"stderr":true,"stdout":"\u001b[1;38;5;39mCOMET INFO:\u001b[0m     offline_experiment          : True\n"},"type":"ws_msg"}
{"payload":{"local_timestamp":1688610847692,"stderr":true,"stdout":"\u001b[1;38;5;39mCOMET INFO:\u001b[0m   Parameters:\n"},"type":"ws_msg"}
{"payload":{"local_timestamp":1688610847692,"stderr":true,"stdout":"\u001b[1;38;5;39mCOMET INFO:\u001b[0m     anchor_t            : 2.91\n"},"type":"ws_msg"}
{"payload":{"local_timestamp":1688610847692,"stderr":true,"stdout":"\u001b[1;38;5;39mCOMET INFO:\u001b[0m     artifact_alias      : latest\n"},"type":"ws_msg"}
{"payload":{"local_timestamp":1688610847693,"stderr":true,"stdout":"\u001b[1;38;5;39mCOMET INFO:\u001b[0m     batch_size          : 24\n"},"type":"ws_msg"}
{"payload":{"local_timestamp":1688610847693,"stderr":true,"stdout":"\u001b[1;38;5;39mCOMET INFO:\u001b[0m     bbox_interval       : -1\n"},"type":"ws_msg"}
{"payload":{"local_timestamp":1688610847693,"stderr":true,"stdout":"\u001b[1;38;5;39mCOMET INFO:\u001b[0m     box                 : 0.0296\n"},"type":"ws_msg"}
{"payload":{"local_timestamp":1688610847693,"stderr":true,"stdout":"\u001b[1;38;5;39mCOMET INFO:\u001b[0m     bucket              : \n"},"type":"ws_msg"}
{"payload":{"local_timestamp":1688610847693,"stderr":true,"stdout":"\u001b[1;38;5;39mCOMET INFO:\u001b[0m     cache               : 1\n"},"type":"ws_msg"}
{"payload":{"local_timestamp":1688610847693,"stderr":true,"stdout":"\u001b[1;38;5;39mCOMET INFO:\u001b[0m     cls                 : 0.243\n"},"type":"ws_msg"}
{"payload":{"local_timestamp":1688610847693,"stderr":true,"stdout":"\u001b[1;38;5;39mCOMET INFO:\u001b[0m     cls_pw              : 0.631\n"},"type":"ws_msg"}
{"payload":{"local_timestamp":1688610847693,"stderr":true,"stdout":"\u001b[1;38;5;39mCOMET INFO:\u001b[0m     copy_paste          : 0.0\n"},"type":"ws_msg"}
{"payload":{"local_timestamp":1688610847694,"stderr":true,"stdout":"\u001b[1;38;5;39mCOMET INFO:\u001b[0m     cos_lr              : False\n"},"type":"ws_msg"}
{"payload":{"local_timestamp":1688610847694,"stderr":true,"stdout":"\u001b[1;38;5;39mCOMET INFO:\u001b[0m     degrees             : 0.373\n"},"type":"ws_msg"}
{"payload":{"local_timestamp":1688610847694,"stderr":true,"stdout":"\u001b[1;38;5;39mCOMET INFO:\u001b[0m     entity              : 1\n"},"type":"ws_msg"}
{"payload":{"local_timestamp":1688610847694,"stderr":true,"stdout":"\u001b[1;38;5;39mCOMET INFO:\u001b[0m     evolve              : 1\n"},"type":"ws_msg"}
{"payload":{"local_timestamp":1688610847694,"stderr":true,"stdout":"\u001b[1;38;5;39mCOMET INFO:\u001b[0m     exist_ok            : False\n"},"type":"ws_msg"}
{"payload":{"local_timestamp":1688610847694,"stderr":true,"stdout":"\u001b[1;38;5;39mCOMET INFO:\u001b[0m     fl_gamma            : 0.0\n"},"type":"ws_msg"}
{"payload":{"local_timestamp":1688610847695,"stderr":true,"stdout":"\u001b[1;38;5;39mCOMET INFO:\u001b[0m     fliplr              : 0.5\n"},"type":"ws_msg"}
{"payload":{"local_timestamp":1688610847695,"stderr":true,"stdout":"\u001b[1;38;5;39mCOMET INFO:\u001b[0m     flipud              : 0.00856\n"},"type":"ws_msg"}
{"payload":{"local_timestamp":1688610847695,"stderr":true,"stdout":"\u001b[1;38;5;39mCOMET INFO:\u001b[0m     freeze              : [0]\n"},"type":"ws_msg"}
{"payload":{"local_timestamp":1688610847695,"stderr":true,"stdout":"\u001b[1;38;5;39mCOMET INFO:\u001b[0m     hsv_h               : 0.0138\n"},"type":"ws_msg"}
{"payload":{"local_timestamp":1688610847695,"stderr":true,"stdout":"\u001b[1;38;5;39mCOMET INFO:\u001b[0m     hsv_s               : 0.568\n"},"type":"ws_msg"}
{"payload":{"local_timestamp":1688610847695,"stderr":true,"stdout":"\u001b[1;38;5;39mCOMET INFO:\u001b[0m     hsv_v               : 0.464\n"},"type":"ws_msg"}
{"payload":{"local_timestamp":1688610847696,"stderr":true,"stdout":"\u001b[1;38;5;39mCOMET INFO:\u001b[0m     hyp|anchor_t        : 2.91\n"},"type":"ws_msg"}
{"payload":{"local_timestamp":1688610847696,"stderr":true,"stdout":"\u001b[1;38;5;39mCOMET INFO:\u001b[0m     hyp|box             : 0.0296\n"},"type":"ws_msg"}
{"payload":{"local_timestamp":1688610847696,"stderr":true,"stdout":"\u001b[1;38;5;39mCOMET INFO:\u001b[0m     hyp|cls             : 0.243\n"},"type":"ws_msg"}
{"payload":{"local_timestamp":1688610847696,"stderr":true,"stdout":"\u001b[1;38;5;39mCOMET INFO:\u001b[0m     hyp|cls_pw          : 0.631\n"},"type":"ws_msg"}
{"payload":{"local_timestamp":1688610847696,"stderr":true,"stdout":"\u001b[1;38;5;39mCOMET INFO:\u001b[0m     hyp|copy_paste      : 0.0\n"},"type":"ws_msg"}
{"payload":{"local_timestamp":1688610847696,"stderr":true,"stdout":"\u001b[1;38;5;39mCOMET INFO:\u001b[0m     hyp|degrees         : 0.373\n"},"type":"ws_msg"}
{"payload":{"local_timestamp":1688610847696,"stderr":true,"stdout":"\u001b[1;38;5;39mCOMET INFO:\u001b[0m     hyp|fl_gamma        : 0.0\n"},"type":"ws_msg"}
{"payload":{"local_timestamp":1688610847697,"stderr":true,"stdout":"\u001b[1;38;5;39mCOMET INFO:\u001b[0m     hyp|fliplr          : 0.5\n"},"type":"ws_msg"}
{"payload":{"local_timestamp":1688610847697,"stderr":true,"stdout":"\u001b[1;38;5;39mCOMET INFO:\u001b[0m     hyp|flipud          : 0.00856\n"},"type":"ws_msg"}
{"payload":{"local_timestamp":1688610847697,"stderr":true,"stdout":"\u001b[1;38;5;39mCOMET INFO:\u001b[0m     hyp|hsv_h           : 0.0138\n"},"type":"ws_msg"}
{"payload":{"local_timestamp":1688610847697,"stderr":true,"stdout":"\u001b[1;38;5;39mCOMET INFO:\u001b[0m     hyp|hsv_s           : 0.568\n"},"type":"ws_msg"}
{"payload":{"local_timestamp":1688610847698,"stderr":true,"stdout":"\u001b[1;38;5;39mCOMET INFO:\u001b[0m     hyp|hsv_v           : 0.464\n"},"type":"ws_msg"}
{"payload":{"local_timestamp":1688610847698,"stderr":true,"stdout":"\u001b[1;38;5;39mCOMET INFO:\u001b[0m     hyp|iou_t           : 0.2\n"},"type":"ws_msg"}
{"payload":{"local_timestamp":1688610847698,"stderr":true,"stdout":"\u001b[1;38;5;39mCOMET INFO:\u001b[0m     hyp|lr0             : 0.0032\n"},"type":"ws_msg"}
{"payload":{"local_timestamp":1688610847698,"stderr":true,"stdout":"\u001b[1;38;5;39mCOMET INFO:\u001b[0m     hyp|lrf             : 0.13\n"},"type":"ws_msg"}
{"payload":{"local_timestamp":1688610847698,"stderr":true,"stdout":"\u001b[1;38;5;39mCOMET INFO:\u001b[0m     hyp|mixup           : 0.243\n"},"type":"ws_msg"}
{"payload":{"local_timestamp":1688610847698,"stderr":true,"stdout":"\u001b[1;38;5;39mCOMET INFO:\u001b[0m     hyp|momentum        : 0.82\n"},"type":"ws_msg"}
{"payload":{"local_timestamp":1688610847698,"stderr":true,"stdout":"\u001b[1;38;5;39mCOMET INFO:\u001b[0m     hyp|mosaic          : 1.0\n"},"type":"ws_msg"}
{"payload":{"local_timestamp":1688610847698,"stderr":true,"stdout":"\u001b[1;38;5;39mCOMET INFO:\u001b[0m     hyp|obj             : 0.301\n"},"type":"ws_msg"}
{"payload":{"local_timestamp":1688610847699,"stderr":true,"stdout":"\u001b[1;38;5;39mCOMET INFO:\u001b[0m     hyp|obj_pw          : 0.911\n"},"type":"ws_msg"}
{"payload":{"local_timestamp":1688610847699,"stderr":true,"stdout":"\u001b[1;38;5;39mCOMET INFO:\u001b[0m     hyp|perspective     : 0.0\n"},"type":"ws_msg"}
{"payload":{"local_timestamp":1688610847699,"stderr":true,"stdout":"\u001b[1;38;5;39mCOMET INFO:\u001b[0m     hyp|scale           : 0.898\n"},"type":"ws_msg"}
{"payload":{"local_timestamp":1688610847699,"stderr":true,"stdout":"\u001b[1;38;5;39mCOMET INFO:\u001b[0m     hyp|shear           : 0.602\n"},"type":"ws_msg"}
{"payload":{"local_timestamp":1688610847699,"stderr":true,"stdout":"\u001b[1;38;5;39mCOMET INFO:\u001b[0m     hyp|translate       : 0.245\n"},"type":"ws_msg"}
{"payload":{"local_timestamp":1688610847699,"stderr":true,"stdout":"\u001b[1;38;5;39mCOMET INFO:\u001b[0m     hyp|warmup_bias_lr  : 0.05\n"},"type":"ws_msg"}
{"payload":{"local_timestamp":1688610847699,"stderr":true,"stdout":"\u001b[1;38;5;39mCOMET INFO:\u001b[0m     hyp|warmup_epochs   : 2.0\n"},"type":"ws_msg"}
{"payload":{"local_timestamp":1688610847699,"stderr":true,"stdout":"\u001b[1;38;5;39mCOMET INFO:\u001b[0m     hyp|warmup_momentum : 0.5\n"},"type":"ws_msg"}
{"payload":{"local_timestamp":1688610847700,"stderr":true,"stdout":"\u001b[1;38;5;39mCOMET INFO:\u001b[0m     hyp|weight_decay    : 0.00056\n"},"type":"ws_msg"}
{"payload":{"local_timestamp":1688610847700,"stderr":true,"stdout":"\u001b[1;38;5;39mCOMET INFO:\u001b[0m     image_weights       : False\n"},"type":"ws_msg"}
{"payload":{"local_timestamp":1688610847700,"stderr":true,"stdout":"\u001b[1;38;5;39mCOMET INFO:\u001b[0m     imgsz               : 640\n"},"type":"ws_msg"}
{"payload":{"local_timestamp":1688610847700,"stderr":true,"stdout":"\u001b[1;38;5;39mCOMET INFO:\u001b[0m     iou_t               : 0.2\n"},"type":"ws_msg"}
{"payload":{"local_timestamp":1688610847700,"stderr":true,"stdout":"\u001b[1;38;5;39mCOMET INFO:\u001b[0m     label_smoothing     : 0.0\n"},"type":"ws_msg"}
{"payload":{"local_timestamp":1688610847700,"stderr":true,"stdout":"\u001b[1;38;5;39mCOMET INFO:\u001b[0m     local_rank          : -1\n"},"type":"ws_msg"}
{"payload":{"local_timestamp":1688610847701,"stderr":true,"stdout":"\u001b[1;38;5;39mCOMET INFO:\u001b[0m     lr0                 : 0.0032\n"},"type":"ws_msg"}
{"payload":{"local_timestamp":1688610847701,"stderr":true,"stdout":"\u001b[1;38;5;39mCOMET INFO:\u001b[0m     lrf                 : 0.13\n"},"type":"ws_msg"}
{"payload":{"local_timestamp":1688610847701,"stderr":true,"stdout":"\u001b[1;38;5;39mCOMET INFO:\u001b[0m     mixup               : 0.243\n"},"type":"ws_msg"}
{"payload":{"local_timestamp":1688610847701,"stderr":true,"stdout":"\u001b[1;38;5;39mCOMET INFO:\u001b[0m     momentum            : 0.82\n"},"type":"ws_msg"}
{"payload":{"local_timestamp":1688610847701,"stderr":true,"stdout":"\u001b[1;38;5;39mCOMET INFO:\u001b[0m     mosaic              : 1.0\n"},"type":"ws_msg"}
{"payload":{"local_timestamp":1688610847701,"stderr":true,"stdout":"\u001b[1;38;5;39mCOMET INFO:\u001b[0m     multi_scale         : False\n"},"type":"ws_msg"}
{"payload":{"local_timestamp":1688610847702,"stderr":true,"stdout":"\u001b[1;38;5;39mCOMET INFO:\u001b[0m     noautoanchor        : True\n"},"type":"ws_msg"}
{"payload":{"local_timestamp":1688610847702,"stderr":true,"stdout":"\u001b[1;38;5;39mCOMET INFO:\u001b[0m     noplots             : False\n"},"type":"ws_msg"}
{"payload":{"local_timestamp":1688610847702,"stderr":true,"stdout":"\u001b[1;38;5;39mCOMET INFO:\u001b[0m     nosave              : False\n"},"type":"ws_msg"}
{"payload":{"local_timestamp":1688610847703,"stderr":true,"stdout":"\u001b[1;38;5;39mCOMET INFO:\u001b[0m     noval               : False\n"},"type":"ws_msg"}
{"payload":{"local_timestamp":1688610847703,"stderr":true,"stdout":"\u001b[1;38;5;39mCOMET INFO:\u001b[0m     obj                 : 0.301\n"},"type":"ws_msg"}
{"payload":{"local_timestamp":1688610847703,"stderr":true,"stdout":"\u001b[1;38;5;39mCOMET INFO:\u001b[0m     obj_pw              : 0.911\n"},"type":"ws_msg"}
{"payload":{"local_timestamp":1688610847704,"stderr":true,"stdout":"\u001b[1;38;5;39mCOMET INFO:\u001b[0m     optimizer           : SGD\n"},"type":"ws_msg"}
{"payload":{"local_timestamp":1688610847704,"stderr":true,"stdout":"\u001b[1;38;5;39mCOMET INFO:\u001b[0m     patience            : 100\n"},"type":"ws_msg"}
{"payload":{"local_timestamp":1688610847704,"stderr":true,"stdout":"\u001b[1;38;5;39mCOMET INFO:\u001b[0m     perspective         : 0.0\n"},"type":"ws_msg"}
{"payload":{"local_timestamp":1688610847704,"stderr":true,"stdout":"\u001b[1;38;5;39mCOMET INFO:\u001b[0m     project             : runs\\train\n"},"type":"ws_msg"}
{"payload":{"local_timestamp":1688610847705,"stderr":true,"stdout":"\u001b[1;38;5;39mCOMET INFO:\u001b[0m     quad                : False\n"},"type":"ws_msg"}
{"payload":{"local_timestamp":1688610847705,"stderr":true,"stdout":"\u001b[1;38;5;39mCOMET INFO:\u001b[0m     rect                : False\n"},"type":"ws_msg"}
{"payload":{"local_timestamp":1688610847705,"stderr":true,"stdout":"\u001b[1;38;5;39mCOMET INFO:\u001b[0m     resume              : False\n"},"type":"ws_msg"}
{"payload":{"local_timestamp":1688610847705,"stderr":true,"stdout":"\u001b[1;38;5;39mCOMET INFO:\u001b[0m     save_dir            : C:\\Users\\86135\\Desktop\\program\\new\\pythonAi\\yolov5s_train18\n"},"type":"ws_msg"}
{"payload":{"local_timestamp":1688610847706,"stderr":true,"stdout":"\u001b[1;38;5;39mCOMET INFO:\u001b[0m     save_period         : -1\n"},"type":"ws_msg"}
{"payload":{"local_timestamp":1688610847706,"stderr":true,"stdout":"\u001b[1;38;5;39mCOMET INFO:\u001b[0m     scale               : 0.898\n"},"type":"ws_msg"}
{"payload":{"local_timestamp":1688610847706,"stderr":true,"stdout":"\u001b[1;38;5;39mCOMET INFO:\u001b[0m     seed                : 0\n"},"type":"ws_msg"}
{"payload":{"local_timestamp":1688610847707,"stderr":true,"stdout":"\u001b[1;38;5;39mCOMET INFO:\u001b[0m     shear               : 0.602\n"},"type":"ws_msg"}
{"payload":{"local_timestamp":1688610847707,"stderr":true,"stdout":"\u001b[1;38;5;39mCOMET INFO:\u001b[0m     single_cls          : False\n"},"type":"ws_msg"}
{"payload":{"local_timestamp":1688610847707,"stderr":true,"stdout":"\u001b[1;38;5;39mCOMET INFO:\u001b[0m     sync_bn             : False\n"},"type":"ws_msg"}
{"payload":{"local_timestamp":1688610847707,"stderr":true,"stdout":"\u001b[1;38;5;39mCOMET INFO:\u001b[0m     translate           : 0.245\n"},"type":"ws_msg"}
{"payload":{"local_timestamp":1688610847707,"stderr":true,"stdout":"\u001b[1;38;5;39mCOMET INFO:\u001b[0m     upload_dataset      : False\n"},"type":"ws_msg"}
{"payload":{"local_timestamp":1688610847708,"stderr":true,"stdout":"\u001b[1;38;5;39mCOMET INFO:\u001b[0m     val_conf_threshold  : 0.001\n"},"type":"ws_msg"}
{"payload":{"local_timestamp":1688610847708,"stderr":true,"stdout":"\u001b[1;38;5;39mCOMET INFO:\u001b[0m     val_iou_threshold   : 0.6\n"},"type":"ws_msg"}
{"payload":{"local_timestamp":1688610847708,"stderr":true,"stdout":"\u001b[1;38;5;39mCOMET INFO:\u001b[0m     warmup_bias_lr      : 0.05\n"},"type":"ws_msg"}
{"payload":{"local_timestamp":1688610847709,"stderr":true,"stdout":"\u001b[1;38;5;39mCOMET INFO:\u001b[0m     warmup_epochs       : 2.0\n"},"type":"ws_msg"}
{"payload":{"local_timestamp":1688610847709,"stderr":true,"stdout":"\u001b[1;38;5;39mCOMET INFO:\u001b[0m     warmup_momentum     : 0.5\n"},"type":"ws_msg"}
{"payload":{"local_timestamp":1688610847710,"stderr":true,"stdout":"\u001b[1;38;5;39mCOMET INFO:\u001b[0m     weight_decay        : 0.00056\n"},"type":"ws_msg"}
{"payload":{"local_timestamp":1688610847710,"stderr":true,"stdout":"\u001b[1;38;5;39mCOMET INFO:\u001b[0m     workers             : 8\n"},"type":"ws_msg"}
{"payload":{"local_timestamp":1688610847711,"stderr":true,"stdout":"\u001b[1;38;5;39mCOMET INFO:\u001b[0m   Uploads:\n"},"type":"ws_msg"}
{"payload":{"local_timestamp":1688610847711,"stderr":true,"stdout":"\u001b[1;38;5;39mCOMET INFO:\u001b[0m     asset               : 3 (2.63 KB)\n"},"type":"ws_msg"}
{"payload":{"local_timestamp":1688610847711,"stderr":true,"stdout":"\u001b[1;38;5;39mCOMET INFO:\u001b[0m     environment details : 1\n"},"type":"ws_msg"}
{"payload":{"local_timestamp":1688610847711,"stderr":true,"stdout":"\u001b[1;38;5;39mCOMET INFO:\u001b[0m     installed packages  : 1\n"},"type":"ws_msg"}
{"payload":{"local_timestamp":1688610847712,"stderr":true,"stdout":"\u001b[1;38;5;39mCOMET INFO:\u001b[0m \n"},"type":"ws_msg"}
