{"offline_id": "ddf8bfa80e684b1cb00c119164158ce0", "project_name": "yolov5", "start_time": 1688441135665, "stop_time": 1688441142107, "tags": [], "workspace": null, "resume_strategy": "create", "customer_error_reported": true, "customer_error_message": "Unexpected error detected in the user script: Exception('\\x1b[34m\\x1b[1mtrain: \\x1b[0mError loading data from D:\\\\learn\\\\trywork\\\\python\\\\HOK\\\\practise: \\x1b[34m\\x1b[1mtrain: \\x1b[0mD:\\\\learn\\\\trywork\\\\python\\\\HOK\\\\practise does not exist\\nSee https://docs.ultralytics.com/yolov5/tutorials/train_custom_data')"}