{"offline_id": "d5e766fb774b4a3286e0a38499053417", "project_name": "yolov5", "start_time": 1688520391107, "stop_time": 1688520397444, "tags": [], "workspace": null, "resume_strategy": "create", "customer_error_reported": true, "customer_error_message": "Unexpected error detected in the user script: Exception('\\x1b[34m\\x1b[1mtrain: \\x1b[0mError loading data from D:\\\\learn\\\\trywork\\\\python\\\\HOK\\\\pratise 2: \\x1b[34m\\x1b[1mtrain: \\x1b[0mD:\\\\learn\\\\trywork\\\\python\\\\HOK\\\\pratise 2 does not exist\\nSee https://docs.ultralytics.com/yolov5/tutorials/train_custom_data')"}