{"offline_id": "2878ae8d3c4144018fb0e1a9c235a0a4", "project_name": "yolov5", "start_time": 1688521380224, "stop_time": 1688521385581, "tags": [], "workspace": null, "resume_strategy": "create", "customer_error_reported": true, "customer_error_message": "Unexpected error detected in the user script: Exception('\\x1b[34m\\x1b[1mtrain: \\x1b[0mError loading data from D:\\\\learn\\\\trywork\\\\python\\\\HOK\\\\pratise2: \\x1b[34m\\x1b[1mtrain: \\x1b[0mD:\\\\learn\\\\trywork\\\\python\\\\HOK\\\\pratise2 does not exist\\nSee https://docs.ultralytics.com/yolov5/tutorials/train_custom_data')"}