{"offline_id": "c855dc3a761a4b7ebb601141e8839fb0", "project_name": "yolov5", "start_time": 1688354567748, "stop_time": 1688354570064, "tags": [], "workspace": null, "resume_strategy": "create", "customer_error_reported": true, "customer_error_message": "Unexpected error detected in the user script: UnicodeDecodeError('gbk', b\"\\xfe\\xff\\x00t\\x00r\\x00a\\x00i\\x00n\\x00:\\x00 \\x00C\\x00:\\x00/\\x00U\\x00s\\x00e\\x00r\\x00s\\x00/\\x008\\x006\\x001\\x003\\x005\\x00/\\x00D\\x00e\\x00s\\x00k\\x00t\\x00o\\x00p\\x00/\\x00p\\x00r\\x00o\\x00g\\x00r\\x00a\\x00m\\x00/\\x00n\\x00e\\x00w\\x00/\\x00p\\x00y\\x00t\\x00h\\x00o\\x00n\\x00A\\x00i\\x00/\\x00t\\x00r\\x00a\\x00i\\x00n\\x001\\x00\\r\\x00\\n\\x00v\\x00a\\x00l\\x00:\\x00 \\x00C\\x00:\\x00/\\x00U\\x00s\\x00e\\x00r\\x00s\\x00/\\x008\\x006\\x001\\x003\\x005\\x00/\\x00D\\x00e\\x00s\\x00k\\x00t\\x00o\\x00p\\x00/\\x00p\\x00r\\x00o\\x00g\\x00r\\x00a\\x00m\\x00/\\x00n\\x00e\\x00w\\x00/\\x00p\\x00y\\x00t\\x00h\\x00o\\x00n\\x00A\\x00i\\x00/\\x00v\\x00a\\x00l\\x003\\x00\\r\\x00\\n\\x00\\r\\x00\\n\\x00n\\x00c\\x00:\\x00 \\x001\\x000\\x006\\x00\\r\\x00\\n\\x00n\\x00a\\x00m\\x00e\\x00s\\x00:\\x00 \\x00[\\x00'^\\xc9\\x98\\x87\\x00'\\x00,\\x00 \\x00'\\\\\\x0fNT\\x00'\\x00,\\x00 \\x00'\\x8duN\\x91\\x00'\\x00,\\x00 \\x00'X\\xa8[P\\x00'\\x00,\\x00 \\x00'Y\\xb2]\\xf1\\x00'\\x00,\\x00 \\x00'[4e?\\x00'\\x00,\\x00 \\x00'[Y\\\\\\x1a\\x99\\x99\\x00'\\x00,\\x00 \\x00'\\x9c\\x81s\\xedN\\x03S\\xf7\\x00'\\x00,\\x00 \\x00'^\\x84Th\\x00'\\x00,\\x00 \\x00'R\\x18y\\x85\\x00'\\x00,\\x00 \\x00'\\x9a\\xd8n\\x10y\\xbb\\x00'\\x00,\\x00 \\x00'\\x96?\\x8fr\\x00'\\x00,\\x00 \\x00'\\x94\\x9fe\\xe0\\x82s\\x00'\\x00,\\x00 \\x00'[Y\\x81\\x91\\x00'\\x00,\\x00 \\x00'bA\\x9eJ\\x00'\\x00,\\x00 \\x00'v}\\x8dw\\x00'\\x00,\\x00 \\x00'\\x82\\x88g\\x08\\x00'\\x00,\\x00 \\x00'T\\x15^\\x03\\x00'\\x00,\\x00 \\x00'Tht\\\\\\x00'\\x00,\\x00 \\x00'Y\\x0fO\\xaf`\\xc7\\x00'\\x00,\\x00 \\x00'u\\x04Y\\xec\\x00'\\x00,\\x00 \\x00'f\\xf9d\\xcd\\x00'\\x00,\\x00 \\x00'Qx\\x97\\xe6\\x00'\\x00,\\x00 \\x00'[\\xabg,kf\\x85\\xcf\\x00'\\x00,\\x00 \\x00'gNv}\\x00'\\x00,\\x00 \\x00'\\x9alS\\xefl\\xe2\\x7fW\\x00'\\x00,\\x00 \\x00'r\\xc4N\\xc1gp\\x00'\\x00,\\x00 \\x00'\\x8f\\xbedi\\x00'\\x00,\\x00 \\x00'\\x98y\\x7f\\xbd\\x00'\\x00,\\x00 \\x00'kfR\\x19Y)\\x00'\\x00,\\x00 \\x00'\\x80\\x01Y+[P\\x00'\\x00,\\x00 \\x00'Qs\\x7f\\xbd\\x00'\\x00,\\x00 \\x00'\\x8c\\x82\\x87I\\x00'\\x00,\\x00 \\x00'[\\x89t*b\\xc9\\x00'\\x00,\\x00 \\x00'z\\x0bT\\xac\\x91\\xd1\\x00'\\x00,\\x00 \\x00'\\x972Z\\x1c\\x00'\\x00,\\x00 \\x00'Y\\xdc[PrY\\x00'\\x00,\\x00 \\x00'R\\x18\\x90\\xa6\\x00'\\x00,\\x00 \\x00'\\x97\\xe9O\\xe1\\x00'\\x00,\\x00 \\x00's\\x8bf-T\\x1b\\x00'\\x00,\\x00 \\x00'Qp\\x96us\\x8b\\x00'\\x00,\\x00 \\x00'\\x82\\xb1g(Qp\\x00'\\x00,\\x00 \\x00'_ \\x82o\\x00'\\x00,\\x00 \\x00'N\\rw\\xe5pk\\x82\\x1e\\x00'\\x00,\\x00 \\x00'Z\\x1cS\\xef\\x972\\x972\\x00'\\x00,\\x00 \\x00'jXS\\xf3N\\xac\\x00'\\x00,\\x00 \\x00'N\\x9at_\\x00'\\x00,\\x00 \\x00'[Y`\\x9fzz\\x00'\\x00,\\x00 \\x00'r[\\x9bT\\x00'\\x00,\\x00 \\x00'T\\x0e\\x7f\\xbf\\x00'\\x00,\\x00 \\x00'R\\x18Y\\x07\\x00'\\x00,\\x00 \\x00'_ \\x98\\xde\\x00'\\x00,\\x00 \\x00'gNQC\\x82\\xb3\\x00'\\x00,\\x00 \\x00'\\x86^Y\\xec\\x00'\\x00,\\x00 \\x00'\\x94\\x9f\\x99\\x97\\x00'\\x00,\\x00 \\x00'b\\x10T\\t`\\x1dlW\\x00'\\x00,\\x00 \\x00'ghb,\\x00'\\x00,\\x00 \\x00'\\x96\\xc5QxZ\\x1c\\x00'\\x00,\\x00 \\x00'\\x85!e\\x87Y\\xec\\x00'\\x00,\\x00 \\x00'Y*NYw\\x1fN\\xba\\x00'\\x00,\\x00 \\x00'T\\xeaT\\x12\\x00'\\x00,\\x00 \\x00'\\x8b\\xf8\\x84[N\\xae\\x00'\\x00,\\x00 \\x00'\\x9e\\xc4_\\xe0\\x00'\\x00,\\x00 \\x00'Y'NT\\x00'\\x00,\\x00 \\x00'N\\x1cv\\x87Y*N\\x00\\x00'\\x00,\\x00 \\x00'^r\\\\\\x06\\x83\\xab\\x90\\xaa\\x00'\\x00,\\x00 \\x00'\\x9b<\\x8c7[P\\x00'\\x00,\\x00 \\x00'\\x94\\xe0\\x00'\\x00,\\x00 \\x00'v~\\x91\\xcc[\\x88~\\xa6\\x00'\\x00,\\x00 \\x00'v~\\x91\\xccs\\x84{V\\x00'\\x00,\\x00 \\x00'\\x82\\xcfp\\xc8\\x00'\\x00,\\x00 \\x00'h\\xa6YG\\x00'\\x00,\\x00 \\x00'YsZ2\\x00'\\x00,\\x00 \\x00'f\\x0eN\\x16\\x96\\x90\\x00'\\x00,\\x00 \\x00'Ql[Yy\\xbb\\x00'\\x00,\\x00 \\x00'ghs\\x89s\\xaf\\x00'\\x00,\\x00 \\x00'\\x88\\xf4d\\xd2\\x86N\\x00'\\x00,\\x00 \\x00'_\\x08f\\x1f\\x00'\\x00,\\x00 \\x00'r\\xc2\\x94\\xc1\\x00'\\x00,\\x00 \\x00'\\x00 |s\\x83\\xb1r\\xc4\\x00'\\x00,\\x00 \\x00'QCkL\\x00'\\x00,\\x00 \\x00'[Y{V\\x00'\\x00,\\x00 \\x00'S\\xf8\\x9ala\\xff\\x00'\\x00,\\x00 \\x00'v\\xfe\\\\q\\x00'\\x00,\\x00 \\x00'O=\\x7fW\\x00'\\x00,\\x00 \\x00'l\\x88h\\xa6n\\xaa\\x00'\\x00,\\x00 \\x00'gNO\\xe1\\x00'\\x00,\\x00 \\x00'N\\n[\\x98ZIQ?\\x00'\\x00,\\x00 \\x00'Z\\xe6Z%\\x00'\\x00,\\x00 \\x00's*Qkb\\x12\\x00'\\x00,\\x00 \\x00'v\\xd8S\\xe4\\x00'\\x00,\\x00 \\x00'tv\\x00'\\x00,\\x00 \\x00'N\\x91N-T\\x1b\\x00'\\x00,\\x00 \\x00'f\\xdc\\x00'\\x00,\\x00 \\x00'\\x9al\\x8d\\x85\\x00'\\x00,\\x00 \\x00'\\x89\\x7fe\\xbd\\x00'\\x00,\\x00 \\x00'\\x9c\\x81s\\xedY'^\\x08\\x00'\\x00,\\x00 \\x00'\\x84\\x99r\\xbd\\x00'\\x00,\\x00 \\x00'\\x95\\\\\\x00'\\x00,\\x00 \\x00'\\x84\\x99`l\\x00'\\x00,\\x00 \\x00'\\x96?S\\xe4g5\\x00'\\x00,\\x00 \\x00'Y\\x0fm\\x1bry\\x00'\\x00,\\x00 \\x00'o\\x9c\\x00'\\x00,\\x00 \\x00'S\\xf8zz\\x97\\x07\\x00'\\x00,\\x00 \\x00'\\x82~t3\\x00'\\x00,\\x00 \\x00'N\\x91\\x7f(\\x00'\\x00]\", 0, 1, 'illegal multibyte sequence')"}