{"offline_id": "3b2f3c9c4ad2429ab0cfa1a76ca612a5", "project_name": "yolov5", "start_time": 1688436005575, "stop_time": 1688436213052, "tags": [], "workspace": null, "resume_strategy": "create", "customer_error_reported": true, "customer_error_message": "Unexpected error detected in the user script: OutOfMemoryError('CUDA out of memory. Tried to allocate 72.00 MiB. GPU 0 has a total capacty of 8.00 GiB of which 0 bytes is free. Of the allocated memory 7.68 GiB is allocated by PyTorch, and 104.24 MiB is reserved by PyTorch but unallocated. If reserved but unallocated memory is large try setting max_split_size_mb to avoid fragmentation.  See documentation for Memory Management and PYTORCH_CUDA_ALLOC_CONF')"}