{"offline_id": "ef26af67dc2e47ac8e3d7a4b1b7b8561", "project_name": "yolov5", "start_time": 1688353090516, "stop_time": 1688353092865, "tags": [], "workspace": null, "resume_strategy": "create", "customer_error_reported": true, "customer_error_message": "Unexpected error detected in the user script: UnicodeDecodeError('gbk', b\"train: D:/learn/trywork/python/HOK/train1\\r\\nval: D:/learn/trywork/python/HOK/val1\\r\\n\\r\\nnc: 4\\r\\nnames: ['\\xe5\\xbb\\x89\\xe9\\xa2\\x87','\\xe5\\xb0\\x8f\\xe4\\xb9\\x94','\\xe8\\xb5\\xb5\\xe4\\xba\\x91','\\xe5\\xa2\\xa8\\xe5\\xad\\x90']\", 104, 105, 'illegal multibyte sequence')"}