{"offline_id": "16c04969dc554af3833af346f4b7f357", "project_name": "yolov5", "start_time": 1688373128990, "stop_time": 1688373287985, "tags": [], "workspace": null, "resume_strategy": "create", "customer_error_reported": true, "customer_error_message": "Unexpected error detected in the user script: AssertionError('Caught AssertionError in DataLoader worker process 0.\\nOriginal Traceback (most recent call last):\\n  File \"C:\\\\Users\\\\86135\\\\AppData\\\\Local\\\\Programs\\\\Python\\\\Python311\\\\Lib\\\\site-packages\\\\torch\\\\utils\\\\data\\\\_utils\\\\worker.py\", line 308, in _worker_loop\\n    data = fetcher.fetch(index)\\n           ^^^^^^^^^^^^^^^^^^^^\\n  File \"C:\\\\Users\\\\86135\\\\AppData\\\\Local\\\\Programs\\\\Python\\\\Python311\\\\Lib\\\\site-packages\\\\torch\\\\utils\\\\data\\\\_utils\\\\fetch.py\", line 51, in fetch\\n    data = [self.dataset[idx] for idx in possibly_batched_index]\\n           ^^^^^^^^^^^^^^^^^^^^^^^^^^^^^^^^^^^^^^^^^^^^^^^^^^^^^\\n  File \"C:\\\\Users\\\\86135\\\\AppData\\\\Local\\\\Programs\\\\Python\\\\Python311\\\\Lib\\\\site-packages\\\\torch\\\\utils\\\\data\\\\_utils\\\\fetch.py\", line 51, in <listcomp>\\n    data = [self.dataset[idx] for idx in possibly_batched_index]\\n            ~~~~~~~~~~~~^^^^^\\n  File \"C:\\\\Users\\\\86135\\\\AppData\\\\Local\\\\Programs\\\\Python\\\\Python311\\\\yolov5\\\\utils\\\\dataloaders.py\", line 661, in __getitem__\\n    img, labels = self.load_mosaic(index)\\n                  ^^^^^^^^^^^^^^^^^^^^^^^\\n  File \"C:\\\\Users\\\\86135\\\\AppData\\\\Local\\\\Programs\\\\Python\\\\Python311\\\\yolov5\\\\utils\\\\dataloaders.py\", line 760, in load_mosaic\\n    img, _, (h, w) = self.load_image(index)\\n                     ^^^^^^^^^^^^^^^^^^^^^^\\n  File \"C:\\\\Users\\\\86135\\\\AppData\\\\Local\\\\Programs\\\\Python\\\\Python311\\\\yolov5\\\\utils\\\\dataloaders.py\", line 736, in load_image\\n    assert im is not None, f\\'Image Not Found {f}\\'\\n           ^^^^^^^^^^^^^^\\nAssertionError: Image Not Found C:\\\\Users\\\\86135\\\\Documents\\\\Tencent Files\\\\985286227\\\\FileRecv\\\\practise 2\\\\\u9713\u88f3\u98ce\u534e.jpg\\n')"}