{"offline_id": "37e9343f5d9c48e58f0a4cc9069328f9", "project_name": "yolov5", "start_time": 1688521431834, "stop_time": 1688521638106, "tags": [], "workspace": null, "resume_strategy": "create", "customer_error_reported": true, "customer_error_message": "Unexpected error detected in the user script: OutOfMemoryError('CUDA out of memory. Tried to allocate 50.00 MiB. GPU 0 has a total capacty of 8.00 GiB of which 0 bytes is free. Of the allocated memory 9.21 GiB is allocated by PyTorch, and 157.92 MiB is reserved by PyTorch but unallocated. If reserved but unallocated memory is large try setting max_split_size_mb to avoid fragmentation.  See documentation for Memory Management and PYTORCH_CUDA_ALLOC_CONF')"}