{"offline_id": "77d4f65bb9bc44a6b74ca3fc48c0d9d8", "project_name": "yolov5", "start_time": 1688352734483, "stop_time": 1688352736812, "tags": [], "workspace": null, "resume_strategy": "create", "customer_error_reported": true, "customer_error_message": "Unexpected error detected in the user script: UnicodeDecodeError('gbk', b\"train: D:/learn/trywork/python/HOK/train1\\r\\nval: D:/learn/trywork/python/HOK/val1\\r\\n\\r\\nnc: 106\\r\\nnames: ['\\xe5\\xbb\\x89\\xe9\\xa2\\x87', '\\xe5\\xb0\\x8f\\xe4\\xb9\\x94', '\\xe8\\xb5\\xb5\\xe4\\xba\\x91', '\\xe5\\xa2\\xa8\\xe5\\xad\\x90', '\\xe5\\xa6\\xb2\\xe5\\xb7\\xb1', '\\xe5\\xac\\xb4\\xe6\\x94\\xbf', '\\xe5\\xad\\x99\\xe5\\xb0\\x9a\\xe9\\xa6\\x99', '\\xe9\\xb2\\x81\\xe7\\x8f\\xad\\xe4\\xb8\\x83\\xe5\\x8f\\xb7', '\\xe5\\xba\\x84\\xe5\\x91\\xa8', '\\xe5\\x88\\x98\\xe7\\xa6\\x85', '\\xe9\\xab\\x98\\xe6\\xb8\\x90\\xe7\\xa6\\xbb', '\\xe9\\x98\\xbf\\xe8\\xbd\\xb2', '\\xe9\\x92\\x9f\\xe6\\x97\\xa0\\xe8\\x89\\xb3', '\\xe5\\xad\\x99\\xe8\\x86\\x91', '\\xe6\\x89\\x81\\xe9\\xb9\\x8a', '\\xe7\\x99\\xbd\\xe8\\xb5\\xb7', '\\xe8\\x8a\\x88\\xe6\\x9c\\x88', '\\xe5\\x90\\x95\\xe5\\xb8\\x83', '\\xe5\\x91\\xa8\\xe7\\x91\\x9c', '\\xe5\\xa4\\x8f\\xe4\\xbe\\xaf\\xe6\\x83\\x87', '\\xe7\\x94\\x84\\xe5\\xa7\\xac', '\\xe6\\x9b\\xb9\\xe6\\x93\\x8d', '\\xe5\\x85\\xb8\\xe9\\x9f\\xa6', '\\xe5\\xae\\xab\\xe6\\x9c\\xac\\xe6\\xad\\xa6\\xe8\\x97\\x8f', '\\xe6\\x9d\\x8e\\xe7\\x99\\xbd', '\\xe9\\xa9\\xac\\xe5\\x8f\\xaf\\xe6\\xb3\\xa2\\xe7\\xbd\\x97', '\\xe7\\x8b\\x84\\xe4\\xbb\\x81\\xe6\\x9d\\xb0', '\\xe8\\xbe\\xbe\\xe6\\x91\\xa9', '\\xe9\\xa1\\xb9\\xe7\\xbe\\xbd', '\\xe6\\xad\\xa6\\xe5\\x88\\x99\\xe5\\xa4\\xa9', '\\xe8\\x80\\x81\\xe5\\xa4\\xab\\xe5\\xad\\x90', '\\xe5\\x85\\xb3\\xe7\\xbe\\xbd', '\\xe8\\xb2\\x82\\xe8\\x9d\\x89', '\\xe5\\xae\\x89\\xe7\\x90\\xaa\\xe6\\x8b\\x89', '\\xe7\\xa8\\x8b\\xe5\\x92\\xac\\xe9\\x87\\x91', '\\xe9\\x9c\\xb2\\xe5\\xa8\\x9c', '\\xe5\\xa7\\x9c\\xe5\\xad\\x90\\xe7\\x89\\x99', '\\xe5\\x88\\x98\\xe9\\x82\\xa6', '\\xe9\\x9f\\xa9\\xe4\\xbf\\xa1', '\\xe7\\x8e\\x8b\\xe6\\x98\\xad\\xe5\\x90\\x9b', '\\xe5\\x85\\xb0\\xe9\\x99\\xb5\\xe7\\x8e\\x8b', '\\xe8\\x8a\\xb1\\xe6\\x9c\\xa8\\xe5\\x85\\xb0', '\\xe5\\xbc\\xa0\\xe8\\x89\\xaf', '\\xe4\\xb8\\x8d\\xe7\\x9f\\xa5\\xe7\\x81\\xab\\xe8\\x88\\x9e', '\\xe5\\xa8\\x9c\\xe5\\x8f\\xaf\\xe9\\x9c\\xb2\\xe9\\x9c\\xb2', '\\xe6\\xa9\\x98\\xe5\\x8f\\xb3\\xe4\\xba\\xac', '\\xe4\\xba\\x9a\\xe7\\x91\\x9f', '\\xe5\\xad\\x99\\xe6\\x82\\x9f\\xe7\\xa9\\xba', '\\xe7\\x89\\x9b\\xe9\\xad\\x94', '\\xe5\\x90\\x8e\\xe7\\xbe\\xbf', '\\xe5\\x88\\x98\\xe5\\xa4\\x87', '\\xe5\\xbc\\xa0\\xe9\\xa3\\x9e', '\\xe6\\x9d\\x8e\\xe5\\x85\\x83\\xe8\\x8a\\xb3', '\\xe8\\x99\\x9e\\xe5\\xa7\\xac', '\\xe9\\x92\\x9f\\xe9\\xa6\\x97', '\\xe6\\x88\\x90\\xe5\\x90\\x89\\xe6\\x80\\x9d\\xe6\\xb1\\x97', '\\xe6\\x9d\\xa8\\xe6\\x88\\xac', '\\xe9\\x9b\\x85\\xe5\\x85\\xb8\\xe5\\xa8\\x9c', '\\xe8\\x94\\xa1\\xe6\\x96\\x87\\xe5\\xa7\\xac', '\\xe5\\xa4\\xaa\\xe4\\xb9\\x99\\xe7\\x9c\\x9f\\xe4\\xba\\xba', '\\xe5\\x93\\xaa\\xe5\\x90\\x92', '\\xe8\\xaf\\xb8\\xe8\\x91\\x9b\\xe4\\xba\\xae', '\\xe9\\xbb\\x84\\xe5\\xbf\\xa0', '\\xe5\\xa4\\xa7\\xe4\\xb9\\x94', '\\xe4\\xb8\\x9c\\xe7\\x9a\\x87\\xe5\\xa4\\xaa\\xe4\\xb8\\x80', '\\xe5\\xb9\\xb2\\xe5\\xb0\\x86\\xe8\\x8e\\xab\\xe9\\x82\\xaa', '\\xe9\\xac\\xbc\\xe8\\xb0\\xb7\\xe5\\xad\\x90', '\\xe9\\x93\\xa0', '\\xe7\\x99\\xbe\\xe9\\x87\\x8c\\xe5\\xae\\x88\\xe7\\xba\\xa6', '\\xe7\\x99\\xbe\\xe9\\x87\\x8c\\xe7\\x8e\\x84\\xe7\\xad\\x96', '\\xe8\\x8b\\x8f\\xe7\\x83\\x88', '\\xe6\\xa2\\xa6\\xe5\\xa5\\x87', '\\xe5\\xa5\\xb3\\xe5\\xa8\\xb2', '\\xe6\\x98\\x8e\\xe4\\xb8\\x96\\xe9\\x9a\\x90', '\\xe5\\x85\\xac\\xe5\\xad\\x99\\xe7\\xa6\\xbb', '\\xe6\\x9d\\xa8\\xe7\\x8e\\x89\\xe7\\x8e\\xaf', '\\xe8\\xa3\\xb4\\xe6\\x93\\x92\\xe8\\x99\\x8e', '\\xe5\\xbc\\x88\\xe6\\x98\\x9f', '\\xe7\\x8b\\x82\\xe9\\x93\\x81', ' \\xe7\\xb1\\xb3\\xe8\\x8e\\xb1\\xe7\\x8b\\x84', '\\xe5\\x85\\x83\\xe6\\xad\\x8c', '\\xe5\\xad\\x99\\xe7\\xad\\x96', '\\xe5\\x8f\\xb8\\xe9\\xa9\\xac\\xe6\\x87\\xbf', '\\xe7\\x9b\\xbe\\xe5\\xb1\\xb1', '\\xe4\\xbc\\xbd\\xe7\\xbd\\x97', '\\xe6\\xb2\\x88\\xe6\\xa2\\xa6\\xe6\\xba\\xaa', '\\xe6\\x9d\\x8e\\xe4\\xbf\\xa1', '\\xe4\\xb8\\x8a\\xe5\\xae\\x98\\xe5\\xa9\\x89\\xe5\\x84\\xbf', '\\xe5\\xab\\xa6\\xe5\\xa8\\xa5', '\\xe7\\x8c\\xaa\\xe5\\x85\\xab\\xe6\\x88\\x92', '\\xe7\\x9b\\x98\\xe5\\x8f\\xa4', '\\xe7\\x91\\xb6', '\\xe4\\xba\\x91\\xe4\\xb8\\xad\\xe5\\x90\\x9b', '\\xe6\\x9b\\x9c', '\\xe9\\xa9\\xac\\xe8\\xb6\\x85', '\\xe8\\xa5\\xbf\\xe6\\x96\\xbd', '\\xe9\\xb2\\x81\\xe7\\x8f\\xad\\xe5\\xa4\\xa7\\xe5\\xb8\\x88', '\\xe8\\x92\\x99\\xe7\\x8a\\xbd', '\\xe9\\x95\\x9c', '\\xe8\\x92\\x99\\xe6\\x81\\xac', '\\xe9\\x98\\xbf\\xe5\\x8f\\xa4\\xe6\\x9c\\xb5', '\\xe5\\xa4\\x8f\\xe6\\xb4\\x9b\\xe7\\x89\\xb9', '\\xe6\\xbe\\x9c', '\\xe5\\x8f\\xb8\\xe7\\xa9\\xba\\xe9\\x9c\\x87', '\\xe8\\x89\\xbe\\xe7\\x90\\xb3', '\\xe4\\xba\\x91\\xe7\\xbc\\xa8']\", 106, 107, 'illegal multibyte sequence')"}