{"payload":{"installed_packages":["anyio==3.7.0","argon2-cffi-bindings==21.2.0","argon2-cffi==21.3.0","arrow==1.2.3","asttokens==2.2.1","async-generator==1.10","async-lru==2.0.2","attrs==23.1.0","automat==22.10.0","babel==2.12.1","backcall==0.2.0","beautifulsoup4==4.12.2","bleach==6.0.0","certifi==2023.5.7","cffi==1.15.1","charset-normalizer==3.1.0","colorama==0.4.6","comet-ml==3.33.5","comm==0.1.3","configobj==5.0.8","constantly==15.1.0","contourpy==1.1.0","cryptography==41.0.1","cssselect==1.2.0","cycler==0.11.0","cython==0.29.35","debugpy==1.6.7","decorator==5.1.1","defusedxml==0.7.1","dulwich==0.21.5","entrypoints==0.4","everett==3.1.0","exceptiongroup==1.1.1","executing==1.2.0","fastjsonschema==2.17.1","filelock==3.12.2","fonttools==4.40.0","fqdn==1.5.1","fsspec==2023.4.0","gitdb==4.0.10","gitpython==3.1.31","h11==0.14.0","hyperlink==21.0.0","idna==3.4","incremental==22.10.0","ipykernel==6.23.3","ipython-genutils==0.2.0","ipython==8.14.0","isoduration==20.11.0","itemadapter==0.8.0","itemloaders==1.1.0","jedi==0.18.2","jinja2==3.1.2","jmespath==1.0.1","joblib==1.2.0","json5==0.9.14","jsonpointer==2.4","jsonschema==4.17.3","jupyter-client==7.4.1","jupyter-core==5.3.1","jupyter-events==0.6.3","jupyter-lsp==2.2.0","jupyter-server-terminals==0.4.4","jupyter-server==1.24.0","jupyterlab-pygments==0.2.2","jupyterlab-server==2.23.0","jupyterlab==4.0.2","kiwisolver==1.4.4","lxml==4.9.2","markdown-it-py==3.0.0","markupsafe==2.1.3","matplotlib-inline==0.1.6","matplotlib==3.7.1","mdurl==0.1.2","mistune==3.0.1","mpmath==1.3.0","nbclassic==1.0.0","nbclient==0.7.4","nbconvert==7.6.0","nbformat==5.9.0","nest-asyncio==1.5.6","networkx==3.1","notebook-shim==0.2.3","notebook==6.5.4","numpy==1.25.0","opencv-python==4.7.0.72","outcome==1.2.0","overrides==7.3.1","packaging==23.1","pandas==2.0.2","pandocfilters==1.5.0","parsel==1.8.1","parso==0.8.3","pickleshare==0.7.5","pillow==9.5.0","pip==23.1.2","platformdirs==3.8.0","prometheus-client==0.17.0","prompt-toolkit==3.0.38","protego==0.2.1","psutil==5.9.5","pure-eval==0.2.2","pyasn1-modules==0.3.0","pyasn1==0.5.0","pycparser==2.21","pydispatcher==2.0.7","pygments==2.15.1","pyopenssl==23.2.0","pyparsing==3.1.0","pyquery==2.0.0","pyrsistent==0.19.3","pysocks==1.7.1","python-box==6.1.0","python-dateutil==2.8.2","python-json-logger==2.0.7","pytz==2023.3","pywin32==306","pywinpty==2.0.10","pyyaml==6.0","pyzmq==25.1.0","queuelib==1.6.2","requests-file==1.5.1","requests-toolbelt==1.0.0","requests==2.31.0","rfc3339-validator==0.1.4","rfc3986-validator==0.1.1","rich==13.4.2","scikit-learn==1.2.2","scipy==1.11.1","scrapy==2.9.0","seaborn==0.12.2","selenium==4.10.0","semantic-version==2.10.0","send2trash==1.8.2","sentry-sdk==1.26.0","service-identity==23.1.0","setuptools==68.0.0","simplejson==3.19.1","six==1.16.0","sklearn==0.0.post5","smmap==5.0.0","sniffio==1.3.0","sortedcontainers==2.4.0","soupsieve==2.4.1","stack-data==0.6.2","sympy==1.12","terminado==0.17.1","thop==0.1.1.post2209072238","threadpoolctl==3.1.0","tinycss2==1.2.1","tldextract==3.4.4","torch==2.1.0.dev20230623+cu121","torchaudio==2.1.0.dev20230623+cu121","torchvision==0.16.0.dev20230624+cu121","tornado==6.3.2","tqdm==4.65.0","traitlets==5.9.0","trio-websocket==0.10.3","trio==0.22.0","twisted-iocpsupport==1.0.3","twisted==22.10.0","typing-extensions==4.6.3","tzdata==2023.3","ultralytics==8.0.121","uri-template==1.3.0","urllib3==2.0.3","voila==0.4.1","w3lib==2.1.1","wcwidth==0.2.6","webcolors==1.13","webencodings==0.5.1","websocket-client==1.3.3","websockets==11.0.3","wrapt==1.15.0","wsproto==1.2.0","wurlitzer==3.0.3","zope.interface==6.0"],"local_timestamp":1688371216322},"type":"ws_msg"}
{"payload":{"env_details":{"command":["train.py","--device","0","--img-size","896","--batch-size","22","--epochs","100","--data","C:/Users/86135/Desktop/program/new/pythonAi/data.yaml","--cfg","C:/Users/86135/AppData/Local/Programs/Python/Python311/yolov5/models/yolov5s.yaml","--weights","''","--name","C:/Users/86135/Desktop/program/new/pythonAi/yolov5s_train"],"env":null,"hostname":"LAPTOP-NRUNIQFR","ip":"192.168.8.7","machine":"AMD64","os":"Windows-10-10.0.22621-SP0","os_release":"10","os_type":"Windows","pid":9072,"processor":"AMD64 Family 25 Model 80 Stepping 0, AuthenticAMD","python_exe":"C:\\Users\\86135\\AppData\\Local\\Programs\\Python\\Python311\\python.exe","python_version":"3.11.4","python_version_verbose":"3.11.4 (tags/v3.11.4:d2340ef, Jun  7 2023, 05:45:37) [MSC v.1934 64 bit (AMD64)]","user":"86135"},"local_timestamp":1688371216383},"type":"ws_msg"}
{"payload":{"gpu_static_info":[{"gpu_index":0,"name":"NVIDIA GeForce RTX 3070 Laptop GPU","power_limit":95000,"total_memory":8589934592,"uuid":"GPU-0fffa678-5aef-d53b-8f6e-18ae6a836e48"}],"local_timestamp":1688371216409},"type":"ws_msg"}
{"payload":{"local_timestamp":1688371216409,"metric":{"epoch":null,"metricName":"sys.gpu.0.total_memory","metricValue":8589934592,"step":null}},"type":"metric_msg"}
{"payload":{"local_timestamp":1688371216703,"metric":{"epoch":null,"metricName":"sys.cpu.percent.avg","metricValue":4.15,"step":null}},"type":"metric_msg"}
{"payload":{"local_timestamp":1688371216703,"metric":{"epoch":null,"metricName":"sys.load.avg","metricValue":0.0,"step":null}},"type":"metric_msg"}
{"payload":{"local_timestamp":1688371216703,"metric":{"epoch":null,"metricName":"sys.ram.total","metricValue":16539623424,"step":null}},"type":"metric_msg"}
{"payload":{"local_timestamp":1688371216703,"metric":{"epoch":null,"metricName":"sys.ram.used","metricValue":5952823296,"step":null}},"type":"metric_msg"}
{"payload":{"local_timestamp":1688371216714,"param":{"paramName":"device","paramValue":0,"source":"cli","step":null}},"type":"parameter_msg"}
{"payload":{"local_timestamp":1688371216714,"param":{"paramName":"img-size","paramValue":896,"source":"cli","step":null}},"type":"parameter_msg"}
{"payload":{"local_timestamp":1688371216714,"param":{"paramName":"batch-size","paramValue":22,"source":"cli","step":null}},"type":"parameter_msg"}
{"payload":{"local_timestamp":1688371216714,"param":{"paramName":"epochs","paramValue":100,"source":"cli","step":null}},"type":"parameter_msg"}
{"payload":{"local_timestamp":1688371216714,"param":{"paramName":"data","paramValue":"C:/Users/86135/Desktop/program/new/pythonAi/data.yaml","source":"cli","step":null}},"type":"parameter_msg"}
{"payload":{"local_timestamp":1688371216714,"param":{"paramName":"cfg","paramValue":"C:/Users/86135/AppData/Local/Programs/Python/Python311/yolov5/models/yolov5s.yaml","source":"cli","step":null}},"type":"parameter_msg"}
{"payload":{"local_timestamp":1688371216714,"param":{"paramName":"weights","paramValue":"","source":"cli","step":null}},"type":"parameter_msg"}
{"payload":{"local_timestamp":1688371216714,"param":{"paramName":"name","paramValue":"C:/Users/86135/Desktop/program/new/pythonAi/yolov5s_train","source":"cli","step":null}},"type":"parameter_msg"}
{"payload":{"local_timestamp":1688371216715,"metric":{"epoch":null,"metricName":"sys.gpu.0.free_memory","metricValue":8099770368,"step":null}},"type":"metric_msg"}
{"payload":{"local_timestamp":1688371216715,"metric":{"epoch":null,"metricName":"sys.gpu.0.gpu_utilization","metricValue":0,"step":null}},"type":"metric_msg"}
{"payload":{"local_timestamp":1688371216715,"metric":{"epoch":null,"metricName":"sys.gpu.0.power_usage","metricValue":14491,"step":null}},"type":"metric_msg"}
{"payload":{"local_timestamp":1688371216715,"metric":{"epoch":null,"metricName":"sys.gpu.0.temperature","metricValue":62,"step":null}},"type":"metric_msg"}
{"payload":{"local_timestamp":1688371216715,"metric":{"epoch":null,"metricName":"sys.gpu.0.used_memory","metricValue":490164224,"step":null}},"type":"metric_msg"}
{"payload":{"local_timestamp":1688371216716,"log_other":{"key":"offline_experiment","val":true}},"type":"ws_msg"}
{"payload":{"local_timestamp":1688371216716,"log_other":{"key":"Name","val":"C:/Users/86135/Desktop/program/new/pythonAi/yolov5s_train"}},"type":"ws_msg"}
{"payload":{"additional_params":{"assetId":"e4dd720cf5c242cc9eaa8514b3576560","context":null,"extension":"yaml","fileName":"data.yaml","overwrite":false,"runId":null,"step":null},"clean":true,"file_path":"tmp6ss6l21a","local_timestamp":1688371216722,"metadata":{"type":"data-config-file"},"upload_type":"asset"},"type":"file_upload"}
{"payload":{"local_timestamp":1688371216727,"log_other":{"key":"Created from","val":"YOLOv5"}},"type":"ws_msg"}
{"payload":{"local_timestamp":1688371216728,"log_other":{"key":"hasNestedParams","val":true}},"type":"ws_msg"}
{"payload":{"local_timestamp":1688371216728,"param":{"paramName":"artifact_alias","paramValue":"latest","source":"manual","step":null}},"type":"parameter_msg"}
{"payload":{"local_timestamp":1688371216728,"param":{"paramName":"batch_size","paramValue":22,"source":"manual","step":null}},"type":"parameter_msg"}
{"payload":{"local_timestamp":1688371216728,"param":{"paramName":"bbox_interval","paramValue":-1,"source":"manual","step":null}},"type":"parameter_msg"}
{"payload":{"local_timestamp":1688371216728,"param":{"paramName":"bucket","paramValue":"","source":"manual","step":null}},"type":"parameter_msg"}
{"payload":{"local_timestamp":1688371216728,"param":{"paramName":"cache","paramValue":null,"source":"manual","step":null}},"type":"parameter_msg"}
{"payload":{"local_timestamp":1688371216728,"param":{"paramName":"cos_lr","paramValue":false,"source":"manual","step":null}},"type":"parameter_msg"}
{"payload":{"local_timestamp":1688371216728,"param":{"paramName":"device","paramValue":"0","source":"manual","step":null}},"type":"parameter_msg"}
{"payload":{"local_timestamp":1688371216728,"param":{"paramName":"entity","paramValue":null,"source":"manual","step":null}},"type":"parameter_msg"}
{"payload":{"local_timestamp":1688371216728,"param":{"paramName":"evolve","paramValue":null,"source":"manual","step":null}},"type":"parameter_msg"}
{"payload":{"local_timestamp":1688371216728,"param":{"paramName":"exist_ok","paramValue":false,"source":"manual","step":null}},"type":"parameter_msg"}
{"payload":{"local_timestamp":1688371216728,"params":{"paramName":"freeze","paramValue":[0],"source":"manual","step":null}},"type":"parameter_msg"}
{"payload":{"local_timestamp":1688371216728,"param":{"paramName":"hyp|anchor_t","paramValue":4.0,"source":"manual","step":null}},"type":"parameter_msg"}
{"payload":{"local_timestamp":1688371216728,"param":{"paramName":"hyp|box","paramValue":0.05,"source":"manual","step":null}},"type":"parameter_msg"}
{"payload":{"local_timestamp":1688371216728,"param":{"paramName":"hyp|cls","paramValue":0.5,"source":"manual","step":null}},"type":"parameter_msg"}
{"payload":{"local_timestamp":1688371216728,"param":{"paramName":"hyp|cls_pw","paramValue":1.0,"source":"manual","step":null}},"type":"parameter_msg"}
{"payload":{"local_timestamp":1688371216728,"param":{"paramName":"hyp|copy_paste","paramValue":0.0,"source":"manual","step":null}},"type":"parameter_msg"}
{"payload":{"local_timestamp":1688371216728,"param":{"paramName":"hyp|degrees","paramValue":0.0,"source":"manual","step":null}},"type":"parameter_msg"}
{"payload":{"local_timestamp":1688371216728,"param":{"paramName":"hyp|fl_gamma","paramValue":0.0,"source":"manual","step":null}},"type":"parameter_msg"}
{"payload":{"local_timestamp":1688371216728,"param":{"paramName":"hyp|fliplr","paramValue":0.5,"source":"manual","step":null}},"type":"parameter_msg"}
{"payload":{"local_timestamp":1688371216728,"param":{"paramName":"hyp|flipud","paramValue":0.0,"source":"manual","step":null}},"type":"parameter_msg"}
{"payload":{"local_timestamp":1688371216728,"param":{"paramName":"hyp|hsv_h","paramValue":0.015,"source":"manual","step":null}},"type":"parameter_msg"}
{"payload":{"local_timestamp":1688371216728,"param":{"paramName":"hyp|hsv_s","paramValue":0.7,"source":"manual","step":null}},"type":"parameter_msg"}
{"payload":{"local_timestamp":1688371216728,"param":{"paramName":"hyp|hsv_v","paramValue":0.4,"source":"manual","step":null}},"type":"parameter_msg"}
{"payload":{"local_timestamp":1688371216728,"param":{"paramName":"hyp|iou_t","paramValue":0.2,"source":"manual","step":null}},"type":"parameter_msg"}
{"payload":{"local_timestamp":1688371216728,"param":{"paramName":"hyp|lr0","paramValue":0.01,"source":"manual","step":null}},"type":"parameter_msg"}
{"payload":{"local_timestamp":1688371216728,"param":{"paramName":"hyp|lrf","paramValue":0.01,"source":"manual","step":null}},"type":"parameter_msg"}
{"payload":{"local_timestamp":1688371216728,"param":{"paramName":"hyp|mixup","paramValue":0.0,"source":"manual","step":null}},"type":"parameter_msg"}
{"payload":{"local_timestamp":1688371216728,"param":{"paramName":"hyp|momentum","paramValue":0.937,"source":"manual","step":null}},"type":"parameter_msg"}
{"payload":{"local_timestamp":1688371216728,"param":{"paramName":"hyp|mosaic","paramValue":1.0,"source":"manual","step":null}},"type":"parameter_msg"}
{"payload":{"local_timestamp":1688371216728,"param":{"paramName":"hyp|obj","paramValue":1.0,"source":"manual","step":null}},"type":"parameter_msg"}
{"payload":{"local_timestamp":1688371216728,"param":{"paramName":"hyp|obj_pw","paramValue":1.0,"source":"manual","step":null}},"type":"parameter_msg"}
{"payload":{"local_timestamp":1688371216728,"param":{"paramName":"hyp|perspective","paramValue":0.0,"source":"manual","step":null}},"type":"parameter_msg"}
{"payload":{"local_timestamp":1688371216728,"param":{"paramName":"hyp|scale","paramValue":0.5,"source":"manual","step":null}},"type":"parameter_msg"}
{"payload":{"local_timestamp":1688371216728,"param":{"paramName":"hyp|shear","paramValue":0.0,"source":"manual","step":null}},"type":"parameter_msg"}
{"payload":{"local_timestamp":1688371216728,"param":{"paramName":"hyp|translate","paramValue":0.1,"source":"manual","step":null}},"type":"parameter_msg"}
{"payload":{"local_timestamp":1688371216728,"param":{"paramName":"hyp|warmup_bias_lr","paramValue":0.1,"source":"manual","step":null}},"type":"parameter_msg"}
{"payload":{"local_timestamp":1688371216728,"param":{"paramName":"hyp|warmup_epochs","paramValue":3.0,"source":"manual","step":null}},"type":"parameter_msg"}
{"payload":{"local_timestamp":1688371216728,"param":{"paramName":"hyp|warmup_momentum","paramValue":0.8,"source":"manual","step":null}},"type":"parameter_msg"}
{"payload":{"local_timestamp":1688371216728,"param":{"paramName":"hyp|weight_decay","paramValue":0.0005,"source":"manual","step":null}},"type":"parameter_msg"}
{"payload":{"local_timestamp":1688371216728,"param":{"paramName":"image_weights","paramValue":false,"source":"manual","step":null}},"type":"parameter_msg"}
{"payload":{"local_timestamp":1688371216728,"param":{"paramName":"imgsz","paramValue":896,"source":"manual","step":null}},"type":"parameter_msg"}
{"payload":{"local_timestamp":1688371216728,"param":{"paramName":"label_smoothing","paramValue":0.0,"source":"manual","step":null}},"type":"parameter_msg"}
{"payload":{"local_timestamp":1688371216728,"param":{"paramName":"local_rank","paramValue":-1,"source":"manual","step":null}},"type":"parameter_msg"}
{"payload":{"local_timestamp":1688371216728,"param":{"paramName":"multi_scale","paramValue":false,"source":"manual","step":null}},"type":"parameter_msg"}
{"payload":{"local_timestamp":1688371216728,"param":{"paramName":"noautoanchor","paramValue":false,"source":"manual","step":null}},"type":"parameter_msg"}
{"payload":{"local_timestamp":1688371216728,"param":{"paramName":"noplots","paramValue":false,"source":"manual","step":null}},"type":"parameter_msg"}
{"payload":{"local_timestamp":1688371216728,"param":{"paramName":"nosave","paramValue":false,"source":"manual","step":null}},"type":"parameter_msg"}
{"payload":{"local_timestamp":1688371216728,"param":{"paramName":"noval","paramValue":false,"source":"manual","step":null}},"type":"parameter_msg"}
{"payload":{"local_timestamp":1688371216728,"param":{"paramName":"optimizer","paramValue":"SGD","source":"manual","step":null}},"type":"parameter_msg"}
{"payload":{"local_timestamp":1688371216728,"param":{"paramName":"patience","paramValue":100,"source":"manual","step":null}},"type":"parameter_msg"}
{"payload":{"local_timestamp":1688371216728,"param":{"paramName":"project","paramValue":"runs\\train","source":"manual","step":null}},"type":"parameter_msg"}
{"payload":{"local_timestamp":1688371216728,"param":{"paramName":"quad","paramValue":false,"source":"manual","step":null}},"type":"parameter_msg"}
{"payload":{"local_timestamp":1688371216729,"param":{"paramName":"rect","paramValue":false,"source":"manual","step":null}},"type":"parameter_msg"}
{"payload":{"local_timestamp":1688371216729,"param":{"paramName":"resume","paramValue":false,"source":"manual","step":null}},"type":"parameter_msg"}
{"payload":{"local_timestamp":1688371216729,"param":{"paramName":"save_dir","paramValue":"C:\\Users\\86135\\Desktop\\program\\new\\pythonAi\\yolov5s_train18","source":"manual","step":null}},"type":"parameter_msg"}
{"payload":{"local_timestamp":1688371216729,"param":{"paramName":"save_period","paramValue":-1,"source":"manual","step":null}},"type":"parameter_msg"}
{"payload":{"local_timestamp":1688371216729,"param":{"paramName":"seed","paramValue":0,"source":"manual","step":null}},"type":"parameter_msg"}
{"payload":{"local_timestamp":1688371216729,"param":{"paramName":"single_cls","paramValue":false,"source":"manual","step":null}},"type":"parameter_msg"}
{"payload":{"local_timestamp":1688371216729,"param":{"paramName":"sync_bn","paramValue":false,"source":"manual","step":null}},"type":"parameter_msg"}
{"payload":{"local_timestamp":1688371216729,"param":{"paramName":"upload_dataset","paramValue":false,"source":"manual","step":null}},"type":"parameter_msg"}
{"payload":{"local_timestamp":1688371216729,"param":{"paramName":"weights","paramValue":"''","source":"manual","step":null}},"type":"parameter_msg"}
{"payload":{"local_timestamp":1688371216729,"param":{"paramName":"workers","paramValue":8,"source":"manual","step":null}},"type":"parameter_msg"}
{"payload":{"local_timestamp":1688371216729,"param":{"paramName":"anchor_t","paramValue":4.0,"source":"manual","step":null}},"type":"parameter_msg"}
{"payload":{"local_timestamp":1688371216729,"param":{"paramName":"box","paramValue":0.05,"source":"manual","step":null}},"type":"parameter_msg"}
{"payload":{"local_timestamp":1688371216729,"param":{"paramName":"cls","paramValue":0.5,"source":"manual","step":null}},"type":"parameter_msg"}
{"payload":{"local_timestamp":1688371216729,"param":{"paramName":"cls_pw","paramValue":1.0,"source":"manual","step":null}},"type":"parameter_msg"}
{"payload":{"local_timestamp":1688371216729,"param":{"paramName":"copy_paste","paramValue":0.0,"source":"manual","step":null}},"type":"parameter_msg"}
{"payload":{"local_timestamp":1688371216729,"param":{"paramName":"degrees","paramValue":0.0,"source":"manual","step":null}},"type":"parameter_msg"}
{"payload":{"local_timestamp":1688371216729,"param":{"paramName":"fl_gamma","paramValue":0.0,"source":"manual","step":null}},"type":"parameter_msg"}
{"payload":{"local_timestamp":1688371216729,"param":{"paramName":"fliplr","paramValue":0.5,"source":"manual","step":null}},"type":"parameter_msg"}
{"payload":{"local_timestamp":1688371216729,"param":{"paramName":"flipud","paramValue":0.0,"source":"manual","step":null}},"type":"parameter_msg"}
{"payload":{"local_timestamp":1688371216729,"param":{"paramName":"hsv_h","paramValue":0.015,"source":"manual","step":null}},"type":"parameter_msg"}
{"payload":{"local_timestamp":1688371216729,"param":{"paramName":"hsv_s","paramValue":0.7,"source":"manual","step":null}},"type":"parameter_msg"}
{"payload":{"local_timestamp":1688371216729,"param":{"paramName":"hsv_v","paramValue":0.4,"source":"manual","step":null}},"type":"parameter_msg"}
{"payload":{"local_timestamp":1688371216729,"param":{"paramName":"iou_t","paramValue":0.2,"source":"manual","step":null}},"type":"parameter_msg"}
{"payload":{"local_timestamp":1688371216729,"param":{"paramName":"lr0","paramValue":0.01,"source":"manual","step":null}},"type":"parameter_msg"}
{"payload":{"local_timestamp":1688371216729,"param":{"paramName":"lrf","paramValue":0.01,"source":"manual","step":null}},"type":"parameter_msg"}
{"payload":{"local_timestamp":1688371216729,"param":{"paramName":"mixup","paramValue":0.0,"source":"manual","step":null}},"type":"parameter_msg"}
{"payload":{"local_timestamp":1688371216729,"param":{"paramName":"momentum","paramValue":0.937,"source":"manual","step":null}},"type":"parameter_msg"}
{"payload":{"local_timestamp":1688371216729,"param":{"paramName":"mosaic","paramValue":1.0,"source":"manual","step":null}},"type":"parameter_msg"}
{"payload":{"local_timestamp":1688371216729,"param":{"paramName":"obj","paramValue":1.0,"source":"manual","step":null}},"type":"parameter_msg"}
{"payload":{"local_timestamp":1688371216729,"param":{"paramName":"obj_pw","paramValue":1.0,"source":"manual","step":null}},"type":"parameter_msg"}
{"payload":{"local_timestamp":1688371216729,"param":{"paramName":"perspective","paramValue":0.0,"source":"manual","step":null}},"type":"parameter_msg"}
{"payload":{"local_timestamp":1688371216729,"param":{"paramName":"scale","paramValue":0.5,"source":"manual","step":null}},"type":"parameter_msg"}
{"payload":{"local_timestamp":1688371216729,"param":{"paramName":"shear","paramValue":0.0,"source":"manual","step":null}},"type":"parameter_msg"}
{"payload":{"local_timestamp":1688371216729,"param":{"paramName":"translate","paramValue":0.1,"source":"manual","step":null}},"type":"parameter_msg"}
{"payload":{"local_timestamp":1688371216729,"param":{"paramName":"warmup_bias_lr","paramValue":0.1,"source":"manual","step":null}},"type":"parameter_msg"}
{"payload":{"local_timestamp":1688371216729,"param":{"paramName":"warmup_epochs","paramValue":3.0,"source":"manual","step":null}},"type":"parameter_msg"}
{"payload":{"local_timestamp":1688371216729,"param":{"paramName":"warmup_momentum","paramValue":0.8,"source":"manual","step":null}},"type":"parameter_msg"}
{"payload":{"local_timestamp":1688371216729,"param":{"paramName":"weight_decay","paramValue":0.0005,"source":"manual","step":null}},"type":"parameter_msg"}
{"payload":{"additional_params":{"assetId":"f2924c54a23b41459a6768bc47bf3f10","context":null,"epoch":null,"extension":"json","fileName":"hyperparameters.json","overwrite":false,"runId":null,"step":null},"clean":true,"file_path":"tmp3ji9ycmm","local_timestamp":1688371216734,"metadata":{"type":"hyp-config-file"},"upload_type":"asset"},"type":"file_upload"}
{"payload":{"additional_params":{"assetId":"6aed3ea738e14b7da46b2f57fdaaae7d","context":null,"extension":"yaml","fileName":"opt.yaml","overwrite":false,"runId":null,"step":null},"clean":true,"file_path":"tmpxieu7ils","local_timestamp":1688371216736,"metadata":{"type":"opt-config-file"},"upload_type":"asset"},"type":"file_upload"}
{"payload":{"local_timestamp":1688371216736,"param":{"paramName":"val_conf_threshold","paramValue":0.001,"source":"manual","step":null}},"type":"parameter_msg"}
{"payload":{"local_timestamp":1688371216737,"param":{"paramName":"val_iou_threshold","paramValue":0.6,"source":"manual","step":null}},"type":"parameter_msg"}
{"payload":{"local_timestamp":1688371216737,"log_other":{"key":"comet_mode","val":"online"}},"type":"ws_msg"}
{"payload":{"local_timestamp":1688371216737,"log_other":{"key":"comet_max_image_uploads","val":100}},"type":"ws_msg"}
{"payload":{"local_timestamp":1688371216737,"log_other":{"key":"comet_log_per_class_metrics","val":false}},"type":"ws_msg"}
{"payload":{"local_timestamp":1688371216737,"log_other":{"key":"comet_log_batch_metrics","val":false}},"type":"ws_msg"}
{"payload":{"local_timestamp":1688371216737,"log_other":{"key":"comet_log_confusion_matrix","val":true}},"type":"ws_msg"}
{"payload":{"local_timestamp":1688371216737,"log_other":{"key":"comet_model_name","val":"yolov5"}},"type":"ws_msg"}
{"payload":{"local_timestamp":1688371216749,"stderr":true,"stdout":"\n                 from  n    params  module                                  arguments                     \n"},"type":"ws_msg"}
{"payload":{"local_timestamp":1688371216751,"stderr":true,"stdout":"  0                -1  1      3520  models.common.Conv                      [3, 32, 6, 2, 2]              \n"},"type":"ws_msg"}
{"payload":{"local_timestamp":1688371216752,"stderr":true,"stdout":"  1                -1  1     18560  models.common.Conv                      [32, 64, 3, 2]                \n"},"type":"ws_msg"}
{"payload":{"local_timestamp":1688371216754,"stderr":true,"stdout":"  2                -1  1     18816  models.common.C3                        [64, 64, 1]                   \n"},"type":"ws_msg"}
{"payload":{"local_timestamp":1688371216757,"stderr":true,"stdout":"  3                -1  1     73984  models.common.Conv                      [64, 128, 3, 2]               \n"},"type":"ws_msg"}
{"payload":{"local_timestamp":1688371216761,"stderr":true,"stdout":"  4                -1  2    115712  models.common.C3                        [128, 128, 2]                 \n"},"type":"ws_msg"}
{"payload":{"local_timestamp":1688371216763,"stderr":true,"stdout":"  5                -1  1    295424  models.common.Conv                      [128, 256, 3, 2]              \n"},"type":"ws_msg"}
{"payload":{"local_timestamp":1688371216768,"stderr":true,"stdout":"COMET INFO: Couldn't find a Git repository in 'C:\\\\Users\\\\86135\\\\AppData\\\\Local\\\\Programs\\\\Python\\\\Python311\\\\yolov5' nor in any parent directory. Set `COMET_GIT_DIRECTORY` if your Git Repository is elsewhere.\n"},"type":"ws_msg"}
{"payload":{"local_timestamp":1688371216771,"stderr":true,"stdout":"  6                -1  3    625152  models.common.C3                        [256, 256, 3]                 \n"},"type":"ws_msg"}
{"payload":{"local_timestamp":1688371216776,"stderr":true,"stdout":"  7                -1  1   1180672  models.common.Conv                      [256, 512, 3, 2]              \n"},"type":"ws_msg"}
{"payload":{"local_timestamp":1688371216782,"stderr":true,"stdout":"  8                -1  1   1182720  models.common.C3                        [512, 512, 1]                 \n"},"type":"ws_msg"}
{"payload":{"local_timestamp":1688371216785,"stderr":true,"stdout":"  9                -1  1    656896  models.common.SPPF                      [512, 512, 5]                 \n"},"type":"ws_msg"}
{"payload":{"local_timestamp":1688371216786,"stderr":true,"stdout":" 10                -1  1    131584  models.common.Conv                      [512, 256, 1, 1]              \n"},"type":"ws_msg"}
{"payload":{"local_timestamp":1688371216787,"stderr":true,"stdout":" 11                -1  1         0  torch.nn.modules.upsampling.Upsample    [None, 2, 'nearest']          \n"},"type":"ws_msg"}
{"payload":{"local_timestamp":1688371216787,"stderr":true,"stdout":" 12           [-1, 6]  1         0  models.common.Concat                    [1]                           \n"},"type":"ws_msg"}
{"payload":{"local_timestamp":1688371216790,"stderr":true,"stdout":" 13                -1  1    361984  models.common.C3                        [512, 256, 1, False]          \n"},"type":"ws_msg"}
{"payload":{"local_timestamp":1688371216791,"stderr":true,"stdout":" 14                -1  1     33024  models.common.Conv                      [256, 128, 1, 1]              \n"},"type":"ws_msg"}
{"payload":{"local_timestamp":1688371216791,"stderr":true,"stdout":" 15                -1  1         0  torch.nn.modules.upsampling.Upsample    [None, 2, 'nearest']          \n"},"type":"ws_msg"}
{"payload":{"local_timestamp":1688371216792,"stderr":true,"stdout":" 16           [-1, 4]  1         0  models.common.Concat                    [1]                           \n"},"type":"ws_msg"}
{"payload":{"local_timestamp":1688371216794,"stderr":true,"stdout":" 17                -1  1     90880  models.common.C3                        [256, 128, 1, False]          \n"},"type":"ws_msg"}
{"payload":{"local_timestamp":1688371216794,"stderr":true,"stdout":" 18                -1  1    147712  models.common.Conv                      [128, 128, 3, 2]              \n"},"type":"ws_msg"}
{"payload":{"local_timestamp":1688371216795,"stderr":true,"stdout":" 19          [-1, 14]  1         0  models.common.Concat                    [1]                           \n"},"type":"ws_msg"}
{"payload":{"local_timestamp":1688371216797,"stderr":true,"stdout":" 20                -1  1    296448  models.common.C3                        [256, 256, 1, False]          \n"},"type":"ws_msg"}
{"payload":{"local_timestamp":1688371216801,"stderr":true,"stdout":" 21                -1  1    590336  models.common.Conv                      [256, 256, 3, 2]              \n"},"type":"ws_msg"}
{"payload":{"local_timestamp":1688371216803,"stderr":true,"stdout":" 22          [-1, 10]  1         0  models.common.Concat                    [1]                           \n"},"type":"ws_msg"}
{"payload":{"local_timestamp":1688371216811,"stderr":true,"stdout":" 23                -1  1   1182720  models.common.C3                        [512, 512, 1, False]          \n"},"type":"ws_msg"}
{"payload":{"local_timestamp":1688371216813,"stderr":true,"stdout":" 24      [17, 20, 23]  1    299367  models.yolo.Detect                      [106, [[10, 13, 16, 30, 33, 23], [30, 61, 62, 45, 59, 119], [116, 90, 156, 198, 373, 326]], [128, 256, 512]]\n"},"type":"ws_msg"}
{"payload":{"local_timestamp":1688371216943,"stderr":true,"stdout":"YOLOv5s summary: 214 layers, 7305511 parameters, 7305511 gradients, 16.8 GFLOPs\n"},"type":"ws_msg"}
{"payload":{"local_timestamp":1688371216944,"stderr":true,"stdout":"\n"},"type":"ws_msg"}
{"payload":{"local_timestamp":1688371220349,"stderr":true,"stdout":"\u001b[34m\u001b[1mAMP: \u001b[0mchecks passed \n"},"type":"ws_msg"}
{"payload":{"local_timestamp":1688371220350,"stderr":true,"stdout":"\u001b[34m\u001b[1moptimizer:\u001b[0m SGD(lr=0.01) with parameter groups 57 weight(decay=0.0), 60 weight(decay=0.000515625), 60 bias\n"},"type":"ws_msg"}
{"payload":{"local_timestamp":1688371220816,"stderr":true,"stdout":"\r\u001b[34m\u001b[1mtrain: \u001b[0mScanning D:\\learn\\trywork\\python\\HOK\\train1...:   0%|          | 0/66 [00:00<?, ?it/s]\u001b[0m"},"type":"ws_msg"}
{"payload":{"local_timestamp":1688371229926,"stderr":true,"stdout":"\r\u001b[34m\u001b[1mtrain: \u001b[0mScanning D:\\learn\\trywork\\python\\HOK\\train1... 1 images, 0 backgrounds, 0 corrupt:   2%|\u258f         | 1/66 [00:09<09:51,  9.11s/it]\u001b[0m"},"type":"ws_msg"}
{"payload":{"local_timestamp":1688371229985,"stderr":true,"stdout":"\r\u001b[34m\u001b[1mtrain: \u001b[0mScanning D:\\learn\\trywork\\python\\HOK\\train1... 66 images, 0 backgrounds, 0 corrupt: 100%|\u2588\u2588\u2588\u2588\u2588\u2588\u2588\u2588\u2588\u2588| 66/66 [00:09<00:00,  7.20it/s]\u001b[0m"},"type":"ws_msg"}
{"payload":{"local_timestamp":1688371229985,"stderr":true,"stdout":"\n"},"type":"ws_msg"}
{"payload":{"local_timestamp":1688371230066,"stderr":true,"stdout":"\u001b[34m\u001b[1mtrain: \u001b[0mWARNING  Cache directory D:\\learn\\trywork\\python\\HOK is not writeable: [WinError 183] : 'D:\\\\learn\\\\trywork\\\\python\\\\HOK\\\\train1.cache.npy' -> 'D:\\\\learn\\\\trywork\\\\python\\\\HOK\\\\train1.cache'\n"},"type":"ws_msg"}
{"payload":{"local_timestamp":1688371276071,"stderr":true,"stdout":"\r\u001b[34m\u001b[1mval: \u001b[0mScanning D:\\learn\\trywork\\python\\HOK\\val1...:   0%|          | 0/67 [00:00<?, ?it/s]\u001b[0m"},"type":"ws_msg"}
{"payload":{"local_timestamp":1688371276732,"metric":{"epoch":null,"metricName":"sys.cpu.percent.avg","metricValue":6.0249999999999995,"step":null}},"type":"metric_msg"}
{"payload":{"local_timestamp":1688371276732,"metric":{"epoch":null,"metricName":"sys.load.avg","metricValue":0.0,"step":null}},"type":"metric_msg"}
{"payload":{"local_timestamp":1688371276733,"metric":{"epoch":null,"metricName":"sys.ram.total","metricValue":16539623424,"step":null}},"type":"metric_msg"}
{"payload":{"local_timestamp":1688371276733,"metric":{"epoch":null,"metricName":"sys.ram.used","metricValue":13529403392,"step":null}},"type":"metric_msg"}
{"payload":{"local_timestamp":1688371276743,"metric":{"epoch":null,"metricName":"sys.network.send_bps","metricValue":358,"step":null}},"type":"metric_msg"}
{"payload":{"local_timestamp":1688371276743,"metric":{"epoch":null,"metricName":"sys.network.receive_bps","metricValue":573,"step":null}},"type":"metric_msg"}
{"payload":{"local_timestamp":1688371276747,"metric":{"epoch":null,"metricName":"sys.gpu.0.free_memory","metricValue":6578274304,"step":null}},"type":"metric_msg"}
{"payload":{"local_timestamp":1688371276747,"metric":{"epoch":null,"metricName":"sys.gpu.0.gpu_utilization","metricValue":0,"step":null}},"type":"metric_msg"}
{"payload":{"local_timestamp":1688371276747,"metric":{"epoch":null,"metricName":"sys.gpu.0.power_usage","metricValue":13494,"step":null}},"type":"metric_msg"}
{"payload":{"local_timestamp":1688371276747,"metric":{"epoch":null,"metricName":"sys.gpu.0.temperature","metricValue":65,"step":null}},"type":"metric_msg"}
{"payload":{"local_timestamp":1688371276747,"metric":{"epoch":null,"metricName":"sys.gpu.0.used_memory","metricValue":2011660288,"step":null}},"type":"metric_msg"}
{"payload":{"local_timestamp":1688371284985,"stderr":true,"stdout":"\r\u001b[34m\u001b[1mval: \u001b[0mScanning D:\\learn\\trywork\\python\\HOK\\val1... 1 images, 0 backgrounds, 0 corrupt:   1%|\u258f         | 1/67 [00:08<09:48,  8.91s/it]\u001b[0m"},"type":"ws_msg"}
{"payload":{"local_timestamp":1688371285084,"stderr":true,"stdout":"\r\u001b[34m\u001b[1mval: \u001b[0mScanning D:\\learn\\trywork\\python\\HOK\\val1... 47 images, 0 backgrounds, 0 corrupt:  70%|\u2588\u2588\u2588\u2588\u2588\u2588\u2588   | 47/67 [00:09<00:02,  7.37it/s]\u001b[0m"},"type":"ws_msg"}
{"payload":{"local_timestamp":1688371285127,"stderr":true,"stdout":"\r\u001b[34m\u001b[1mval: \u001b[0mScanning D:\\learn\\trywork\\python\\HOK\\val1... 67 images, 0 backgrounds, 0 corrupt: 100%|\u2588\u2588\u2588\u2588\u2588\u2588\u2588\u2588\u2588\u2588| 67/67 [00:09<00:00,  7.40it/s]\u001b[0m"},"type":"ws_msg"}
{"payload":{"local_timestamp":1688371285127,"stderr":true,"stdout":"\n"},"type":"ws_msg"}
{"payload":{"local_timestamp":1688371285249,"stderr":true,"stdout":"\u001b[34m\u001b[1mval: \u001b[0mWARNING  Cache directory D:\\learn\\trywork\\python\\HOK is not writeable: [WinError 183] : 'D:\\\\learn\\\\trywork\\\\python\\\\HOK\\\\val1.cache.npy' -> 'D:\\\\learn\\\\trywork\\\\python\\\\HOK\\\\val1.cache'\n"},"type":"ws_msg"}
{"payload":{"local_timestamp":1688371336758,"metric":{"epoch":null,"metricName":"sys.cpu.percent.avg","metricValue":5.875,"step":null}},"type":"metric_msg"}
{"payload":{"local_timestamp":1688371336758,"metric":{"epoch":null,"metricName":"sys.load.avg","metricValue":0.0,"step":null}},"type":"metric_msg"}
{"payload":{"local_timestamp":1688371336758,"metric":{"epoch":null,"metricName":"sys.ram.total","metricValue":16539623424,"step":null}},"type":"metric_msg"}
{"payload":{"local_timestamp":1688371336758,"metric":{"epoch":null,"metricName":"sys.ram.used","metricValue":14648176640,"step":null}},"type":"metric_msg"}
{"payload":{"local_timestamp":1688371336771,"metric":{"epoch":null,"metricName":"sys.network.send_bps","metricValue":800,"step":null}},"type":"metric_msg"}
{"payload":{"local_timestamp":1688371336771,"metric":{"epoch":null,"metricName":"sys.network.receive_bps","metricValue":13095,"step":null}},"type":"metric_msg"}
{"payload":{"local_timestamp":1688371336774,"metric":{"epoch":null,"metricName":"sys.gpu.0.free_memory","metricValue":6632284160,"step":null}},"type":"metric_msg"}
{"payload":{"local_timestamp":1688371336774,"metric":{"epoch":null,"metricName":"sys.gpu.0.gpu_utilization","metricValue":0,"step":null}},"type":"metric_msg"}
{"payload":{"local_timestamp":1688371336774,"metric":{"epoch":null,"metricName":"sys.gpu.0.power_usage","metricValue":13634,"step":null}},"type":"metric_msg"}
{"payload":{"local_timestamp":1688371336774,"metric":{"epoch":null,"metricName":"sys.gpu.0.temperature","metricValue":65,"step":null}},"type":"metric_msg"}
{"payload":{"local_timestamp":1688371336774,"metric":{"epoch":null,"metricName":"sys.gpu.0.used_memory","metricValue":1957650432,"step":null}},"type":"metric_msg"}
{"payload":{"local_timestamp":1688371381076,"stderr":true,"stdout":"\n\u001b[34m\u001b[1mAutoAnchor: \u001b[0m4.34 anchors/target, 0.973 Best Possible Recall (BPR). Anchors are a poor fit to dataset , attempting to improve...\n"},"type":"ws_msg"}
{"payload":{"local_timestamp":1688371381082,"stderr":true,"stdout":"\u001b[34m\u001b[1mAutoAnchor: \u001b[0mRunning kmeans for 9 anchors on 74 points...\n"},"type":"ws_msg"}
{"payload":{"local_timestamp":1688371381109,"stderr":true,"stdout":"\r  0%|          | 0/1000 [00:00<?, ?it/s]"},"type":"ws_msg"}
{"payload":{"local_timestamp":1688371381209,"stderr":true,"stdout":"\r\u001b[34m\u001b[1mAutoAnchor: \u001b[0mEvolving anchors with Genetic Algorithm: fitness = 0.8574:  49%|\u2588\u2588\u2588\u2588\u2589     | 494/1000 [00:00<00:00, 4912.97it/s]\u001b[0m"},"type":"ws_msg"}
{"payload":{"local_timestamp":1688371381297,"stderr":true,"stdout":"\r\u001b[34m\u001b[1mAutoAnchor: \u001b[0mEvolving anchors with Genetic Algorithm: fitness = 0.8592: 100%|\u2588\u2588\u2588\u2588\u2588\u2588\u2588\u2588\u2588\u2588| 1000/1000 [00:00<00:00, 5334.72it/s]\u001b[0m"},"type":"ws_msg"}
{"payload":{"local_timestamp":1688371381297,"stderr":true,"stdout":"\n"},"type":"ws_msg"}
{"payload":{"local_timestamp":1688371381298,"stderr":true,"stdout":"\u001b[34m\u001b[1mAutoAnchor: \u001b[0mthr=0.25: 1.0000 best possible recall, 7.39 anchors past thr\n\u001b[34m\u001b[1mAutoAnchor: \u001b[0mn=9, img_size=896, metric_all=0.526/0.859-mean/best, past_thr=0.604-mean: 185,24, 351,38, 145,98, 129,136, 179,116, 156,165, 260,130, 241,194, 281,300\n"},"type":"ws_msg"}
{"payload":{"local_timestamp":1688371381308,"stderr":true,"stdout":"\u001b[34m\u001b[1mAutoAnchor: \u001b[0mDone  (optional: update model *.yaml to use these anchors in the future)\n"},"type":"ws_msg"}
{"payload":{"local_timestamp":1688371381338,"stderr":true,"stdout":"Plotting labels to C:\\Users\\86135\\Desktop\\program\\new\\pythonAi\\yolov5s_train18\\labels.jpg... \n"},"type":"ws_msg"}
{"payload":{"additional_params":{"assetId":"cf1fb5e9e59d43459d8ef59e0de97753","context":null,"extension":"jpg","fileName":"labels.jpg","overwrite":false,"runId":null,"step":null},"clean":true,"file_path":"tmp3zqoj3i7","local_timestamp":1688371384054,"metadata":{},"upload_type":"asset"},"type":"file_upload"}
{"payload":{"additional_params":{"assetId":"ce87945007d24970b7750c247534c073","context":null,"extension":"jpg","fileName":"labels_correlogram.jpg","overwrite":false,"runId":null,"step":null},"clean":true,"file_path":"tmpzzapxb2u","local_timestamp":1688371384059,"metadata":{},"upload_type":"asset"},"type":"file_upload"}
{"payload":{"local_timestamp":1688371384062,"param":{"paramName":"cls","paramValue":0.6625,"source":"manual","step":null}},"type":"parameter_msg"}
{"payload":{"local_timestamp":1688371384062,"param":{"paramName":"obj","paramValue":1.9599999999999997,"source":"manual","step":null}},"type":"parameter_msg"}
{"payload":{"local_timestamp":1688371384062,"param":{"paramName":"weight_decay","paramValue":0.000515625,"source":"manual","step":null}},"type":"parameter_msg"}
{"payload":{"local_timestamp":1688371384062,"stderr":true,"stdout":"Image sizes 896 train, 896 val\nUsing 8 dataloader workers\nLogging results to \u001b[1mC:\\Users\\86135\\Desktop\\program\\new\\pythonAi\\yolov5s_train18\u001b[0m\nStarting training for 100 epochs...\n"},"type":"ws_msg"}
{"payload":{"local_timestamp":1688371384063,"stderr":true,"stdout":"\n      Epoch    GPU_mem   box_loss   obj_loss   cls_loss  Instances       Size\n"},"type":"ws_msg"}
{"payload":{"local_timestamp":1688371384064,"stderr":true,"stdout":"\r  0%|          | 0/3 [00:00<?, ?it/s]"},"type":"ws_msg"}
{"payload":{"local_timestamp":1688371384072,"stderr":true,"stdout":"\r  0%|          | 0/3 [00:00<?, ?it/s]"},"type":"ws_msg"}
{"payload":{"local_timestamp":1688371384072,"stderr":true,"stdout":"\n"},"type":"ws_msg"}
{"payload":{"local_timestamp":1688371384075,"stderr":true,"stdout":"Traceback (most recent call last):\n"},"type":"ws_msg"}
{"payload":{"local_timestamp":1688371384075,"stderr":true,"stdout":"  File \"C:\\Users\\86135\\AppData\\Local\\Programs\\Python\\Python311\\yolov5\\train.py\", line 647, in <module>\n"},"type":"ws_msg"}
{"payload":{"local_timestamp":1688371384076,"stderr":true,"stdout":"    "},"type":"ws_msg"}
{"payload":{"local_timestamp":1688371384076,"stderr":true,"stdout":"main(opt)"},"type":"ws_msg"}
{"payload":{"local_timestamp":1688371384076,"stderr":true,"stdout":"\n"},"type":"ws_msg"}
{"payload":{"local_timestamp":1688371384076,"stderr":true,"stdout":"  File \"C:\\Users\\86135\\AppData\\Local\\Programs\\Python\\Python311\\yolov5\\train.py\", line 536, in main\n"},"type":"ws_msg"}
{"payload":{"local_timestamp":1688371384077,"stderr":true,"stdout":"    "},"type":"ws_msg"}
{"payload":{"local_timestamp":1688371384077,"stderr":true,"stdout":"train(opt.hyp, opt, device, callbacks)"},"type":"ws_msg"}
{"payload":{"local_timestamp":1688371384077,"stderr":true,"stdout":"\n"},"type":"ws_msg"}
{"payload":{"local_timestamp":1688371384077,"stderr":true,"stdout":"  File \"C:\\Users\\86135\\AppData\\Local\\Programs\\Python\\Python311\\yolov5\\train.py\", line 291, in train\n"},"type":"ws_msg"}
{"payload":{"local_timestamp":1688371384078,"stderr":true,"stdout":"    "},"type":"ws_msg"}
{"payload":{"local_timestamp":1688371384078,"stderr":true,"stdout":"for i, (imgs, targets, paths, _) in pbar:  # batch -------------------------------------------------------------"},"type":"ws_msg"}
{"payload":{"local_timestamp":1688371384078,"stderr":true,"stdout":"\n"},"type":"ws_msg"}
{"payload":{"local_timestamp":1688371384078,"stderr":true,"stdout":"  File \"C:\\Users\\86135\\AppData\\Local\\Programs\\Python\\Python311\\Lib\\site-packages\\tqdm\\std.py\", line 1178, in __iter__\n"},"type":"ws_msg"}
{"payload":{"local_timestamp":1688371384079,"stderr":true,"stdout":"    "},"type":"ws_msg"}
{"payload":{"local_timestamp":1688371384079,"stderr":true,"stdout":"for obj in iterable:"},"type":"ws_msg"}
{"payload":{"local_timestamp":1688371384079,"stderr":true,"stdout":"\n"},"type":"ws_msg"}
{"payload":{"local_timestamp":1688371384079,"stderr":true,"stdout":"  File \"C:\\Users\\86135\\AppData\\Local\\Programs\\Python\\Python311\\yolov5\\utils\\dataloaders.py\", line 172, in __iter__\n"},"type":"ws_msg"}
{"payload":{"local_timestamp":1688371384080,"stderr":true,"stdout":"    "},"type":"ws_msg"}
{"payload":{"local_timestamp":1688371384080,"stderr":true,"stdout":"yield next(self.iterator)"},"type":"ws_msg"}
{"payload":{"local_timestamp":1688371384080,"stderr":true,"stdout":"\n"},"type":"ws_msg"}
{"payload":{"local_timestamp":1688371384080,"stderr":true,"stdout":" "},"type":"ws_msg"}
{"payload":{"local_timestamp":1688371384080,"stderr":true,"stdout":" "},"type":"ws_msg"}
{"payload":{"local_timestamp":1688371384080,"stderr":true,"stdout":" "},"type":"ws_msg"}
{"payload":{"local_timestamp":1688371384080,"stderr":true,"stdout":" "},"type":"ws_msg"}
{"payload":{"local_timestamp":1688371384080,"stderr":true,"stdout":" "},"type":"ws_msg"}
{"payload":{"local_timestamp":1688371384080,"stderr":true,"stdout":" "},"type":"ws_msg"}
{"payload":{"local_timestamp":1688371384080,"stderr":true,"stdout":" "},"type":"ws_msg"}
{"payload":{"local_timestamp":1688371384080,"stderr":true,"stdout":" "},"type":"ws_msg"}
{"payload":{"local_timestamp":1688371384080,"stderr":true,"stdout":" "},"type":"ws_msg"}
{"payload":{"local_timestamp":1688371384080,"stderr":true,"stdout":" "},"type":"ws_msg"}
{"payload":{"local_timestamp":1688371384080,"stderr":true,"stdout":"^"},"type":"ws_msg"}
{"payload":{"local_timestamp":1688371384080,"stderr":true,"stdout":"^"},"type":"ws_msg"}
{"payload":{"local_timestamp":1688371384080,"stderr":true,"stdout":"^"},"type":"ws_msg"}
{"payload":{"local_timestamp":1688371384080,"stderr":true,"stdout":"^"},"type":"ws_msg"}
{"payload":{"local_timestamp":1688371384080,"stderr":true,"stdout":"^"},"type":"ws_msg"}
{"payload":{"local_timestamp":1688371384080,"stderr":true,"stdout":"^"},"type":"ws_msg"}
{"payload":{"local_timestamp":1688371384080,"stderr":true,"stdout":"^"},"type":"ws_msg"}
{"payload":{"local_timestamp":1688371384080,"stderr":true,"stdout":"^"},"type":"ws_msg"}
{"payload":{"local_timestamp":1688371384080,"stderr":true,"stdout":"^"},"type":"ws_msg"}
{"payload":{"local_timestamp":1688371384080,"stderr":true,"stdout":"^"},"type":"ws_msg"}
{"payload":{"local_timestamp":1688371384080,"stderr":true,"stdout":"^"},"type":"ws_msg"}
{"payload":{"local_timestamp":1688371384080,"stderr":true,"stdout":"^"},"type":"ws_msg"}
{"payload":{"local_timestamp":1688371384080,"stderr":true,"stdout":"^"},"type":"ws_msg"}
{"payload":{"local_timestamp":1688371384080,"stderr":true,"stdout":"^"},"type":"ws_msg"}
{"payload":{"local_timestamp":1688371384080,"stderr":true,"stdout":"^"},"type":"ws_msg"}
{"payload":{"local_timestamp":1688371384080,"stderr":true,"stdout":"^"},"type":"ws_msg"}
{"payload":{"local_timestamp":1688371384080,"stderr":true,"stdout":"^"},"type":"ws_msg"}
{"payload":{"local_timestamp":1688371384080,"stderr":true,"stdout":"^"},"type":"ws_msg"}
{"payload":{"local_timestamp":1688371384080,"stderr":true,"stdout":"^"},"type":"ws_msg"}
{"payload":{"local_timestamp":1688371384080,"stderr":true,"stdout":"\n"},"type":"ws_msg"}
{"payload":{"local_timestamp":1688371384081,"stderr":true,"stdout":"  File \"C:\\Users\\86135\\AppData\\Local\\Programs\\Python\\Python311\\Lib\\site-packages\\torch\\utils\\data\\dataloader.py\", line 633, in __next__\n"},"type":"ws_msg"}
{"payload":{"local_timestamp":1688371384082,"stderr":true,"stdout":"    "},"type":"ws_msg"}
{"payload":{"local_timestamp":1688371384082,"stderr":true,"stdout":"data = self._next_data()"},"type":"ws_msg"}
{"payload":{"local_timestamp":1688371384085,"stderr":true,"stdout":"\n"},"type":"ws_msg"}
{"payload":{"local_timestamp":1688371384085,"stderr":true,"stdout":" "},"type":"ws_msg"}
{"payload":{"local_timestamp":1688371384085,"stderr":true,"stdout":" "},"type":"ws_msg"}
{"payload":{"local_timestamp":1688371384085,"stderr":true,"stdout":" "},"type":"ws_msg"}
{"payload":{"local_timestamp":1688371384085,"stderr":true,"stdout":" "},"type":"ws_msg"}
{"payload":{"local_timestamp":1688371384085,"stderr":true,"stdout":" "},"type":"ws_msg"}
{"payload":{"local_timestamp":1688371384085,"stderr":true,"stdout":" "},"type":"ws_msg"}
{"payload":{"local_timestamp":1688371384085,"stderr":true,"stdout":" "},"type":"ws_msg"}
{"payload":{"local_timestamp":1688371384085,"stderr":true,"stdout":" "},"type":"ws_msg"}
{"payload":{"local_timestamp":1688371384085,"stderr":true,"stdout":" "},"type":"ws_msg"}
{"payload":{"local_timestamp":1688371384085,"stderr":true,"stdout":" "},"type":"ws_msg"}
{"payload":{"local_timestamp":1688371384085,"stderr":true,"stdout":" "},"type":"ws_msg"}
{"payload":{"local_timestamp":1688371384085,"stderr":true,"stdout":"^"},"type":"ws_msg"}
{"payload":{"local_timestamp":1688371384085,"stderr":true,"stdout":"^"},"type":"ws_msg"}
{"payload":{"local_timestamp":1688371384085,"stderr":true,"stdout":"^"},"type":"ws_msg"}
{"payload":{"local_timestamp":1688371384085,"stderr":true,"stdout":"^"},"type":"ws_msg"}
{"payload":{"local_timestamp":1688371384085,"stderr":true,"stdout":"^"},"type":"ws_msg"}
{"payload":{"local_timestamp":1688371384085,"stderr":true,"stdout":"^"},"type":"ws_msg"}
{"payload":{"local_timestamp":1688371384085,"stderr":true,"stdout":"^"},"type":"ws_msg"}
{"payload":{"local_timestamp":1688371384085,"stderr":true,"stdout":"^"},"type":"ws_msg"}
{"payload":{"local_timestamp":1688371384085,"stderr":true,"stdout":"^"},"type":"ws_msg"}
{"payload":{"local_timestamp":1688371384085,"stderr":true,"stdout":"^"},"type":"ws_msg"}
{"payload":{"local_timestamp":1688371384085,"stderr":true,"stdout":"^"},"type":"ws_msg"}
{"payload":{"local_timestamp":1688371384085,"stderr":true,"stdout":"^"},"type":"ws_msg"}
{"payload":{"local_timestamp":1688371384085,"stderr":true,"stdout":"^"},"type":"ws_msg"}
{"payload":{"local_timestamp":1688371384085,"stderr":true,"stdout":"^"},"type":"ws_msg"}
{"payload":{"local_timestamp":1688371384085,"stderr":true,"stdout":"^"},"type":"ws_msg"}
{"payload":{"local_timestamp":1688371384085,"stderr":true,"stdout":"^"},"type":"ws_msg"}
{"payload":{"local_timestamp":1688371384085,"stderr":true,"stdout":"^"},"type":"ws_msg"}
{"payload":{"local_timestamp":1688371384085,"stderr":true,"stdout":"\n"},"type":"ws_msg"}
{"payload":{"local_timestamp":1688371384086,"stderr":true,"stdout":"  File \"C:\\Users\\86135\\AppData\\Local\\Programs\\Python\\Python311\\Lib\\site-packages\\torch\\utils\\data\\dataloader.py\", line 1348, in _next_data\n"},"type":"ws_msg"}
{"payload":{"local_timestamp":1688371384086,"stderr":true,"stdout":"    "},"type":"ws_msg"}
{"payload":{"local_timestamp":1688371384086,"stderr":true,"stdout":"return self._process_data(data)"},"type":"ws_msg"}
{"payload":{"local_timestamp":1688371384086,"stderr":true,"stdout":"\n"},"type":"ws_msg"}
{"payload":{"local_timestamp":1688371384086,"stderr":true,"stdout":" "},"type":"ws_msg"}
{"payload":{"local_timestamp":1688371384086,"stderr":true,"stdout":" "},"type":"ws_msg"}
{"payload":{"local_timestamp":1688371384086,"stderr":true,"stdout":" "},"type":"ws_msg"}
{"payload":{"local_timestamp":1688371384086,"stderr":true,"stdout":" "},"type":"ws_msg"}
{"payload":{"local_timestamp":1688371384086,"stderr":true,"stdout":" "},"type":"ws_msg"}
{"payload":{"local_timestamp":1688371384086,"stderr":true,"stdout":" "},"type":"ws_msg"}
{"payload":{"local_timestamp":1688371384086,"stderr":true,"stdout":" "},"type":"ws_msg"}
{"payload":{"local_timestamp":1688371384086,"stderr":true,"stdout":" "},"type":"ws_msg"}
{"payload":{"local_timestamp":1688371384086,"stderr":true,"stdout":" "},"type":"ws_msg"}
{"payload":{"local_timestamp":1688371384086,"stderr":true,"stdout":" "},"type":"ws_msg"}
{"payload":{"local_timestamp":1688371384087,"stderr":true,"stdout":" "},"type":"ws_msg"}
{"payload":{"local_timestamp":1688371384087,"stderr":true,"stdout":"^"},"type":"ws_msg"}
{"payload":{"local_timestamp":1688371384087,"stderr":true,"stdout":"^"},"type":"ws_msg"}
{"payload":{"local_timestamp":1688371384087,"stderr":true,"stdout":"^"},"type":"ws_msg"}
{"payload":{"local_timestamp":1688371384087,"stderr":true,"stdout":"^"},"type":"ws_msg"}
{"payload":{"local_timestamp":1688371384087,"stderr":true,"stdout":"^"},"type":"ws_msg"}
{"payload":{"local_timestamp":1688371384087,"stderr":true,"stdout":"^"},"type":"ws_msg"}
{"payload":{"local_timestamp":1688371384087,"stderr":true,"stdout":"^"},"type":"ws_msg"}
{"payload":{"local_timestamp":1688371384087,"stderr":true,"stdout":"^"},"type":"ws_msg"}
{"payload":{"local_timestamp":1688371384087,"stderr":true,"stdout":"^"},"type":"ws_msg"}
{"payload":{"local_timestamp":1688371384087,"stderr":true,"stdout":"^"},"type":"ws_msg"}
{"payload":{"local_timestamp":1688371384087,"stderr":true,"stdout":"^"},"type":"ws_msg"}
{"payload":{"local_timestamp":1688371384087,"stderr":true,"stdout":"^"},"type":"ws_msg"}
{"payload":{"local_timestamp":1688371384087,"stderr":true,"stdout":"^"},"type":"ws_msg"}
{"payload":{"local_timestamp":1688371384087,"stderr":true,"stdout":"^"},"type":"ws_msg"}
{"payload":{"local_timestamp":1688371384087,"stderr":true,"stdout":"^"},"type":"ws_msg"}
{"payload":{"local_timestamp":1688371384087,"stderr":true,"stdout":"^"},"type":"ws_msg"}
{"payload":{"local_timestamp":1688371384087,"stderr":true,"stdout":"^"},"type":"ws_msg"}
{"payload":{"local_timestamp":1688371384087,"stderr":true,"stdout":"^"},"type":"ws_msg"}
{"payload":{"local_timestamp":1688371384087,"stderr":true,"stdout":"^"},"type":"ws_msg"}
{"payload":{"local_timestamp":1688371384087,"stderr":true,"stdout":"^"},"type":"ws_msg"}
{"payload":{"local_timestamp":1688371384087,"stderr":true,"stdout":"^"},"type":"ws_msg"}
{"payload":{"local_timestamp":1688371384087,"stderr":true,"stdout":"^"},"type":"ws_msg"}
{"payload":{"local_timestamp":1688371384087,"stderr":true,"stdout":"^"},"type":"ws_msg"}
{"payload":{"local_timestamp":1688371384087,"stderr":true,"stdout":"^"},"type":"ws_msg"}
{"payload":{"local_timestamp":1688371384087,"stderr":true,"stdout":"\n"},"type":"ws_msg"}
{"payload":{"local_timestamp":1688371384087,"stderr":true,"stdout":"  File \"C:\\Users\\86135\\AppData\\Local\\Programs\\Python\\Python311\\Lib\\site-packages\\torch\\utils\\data\\dataloader.py\", line 1374, in _process_data\n"},"type":"ws_msg"}
{"payload":{"local_timestamp":1688371384088,"stderr":true,"stdout":"    "},"type":"ws_msg"}
{"payload":{"local_timestamp":1688371384088,"stderr":true,"stdout":"data.reraise()"},"type":"ws_msg"}
{"payload":{"local_timestamp":1688371384088,"stderr":true,"stdout":"\n"},"type":"ws_msg"}
{"payload":{"local_timestamp":1688371384088,"stderr":true,"stdout":"  File \"C:\\Users\\86135\\AppData\\Local\\Programs\\Python\\Python311\\Lib\\site-packages\\torch\\_utils.py\", line 697, in reraise\n"},"type":"ws_msg"}
{"payload":{"local_timestamp":1688371384089,"stderr":true,"stdout":"    "},"type":"ws_msg"}
{"payload":{"local_timestamp":1688371384089,"stderr":true,"stdout":"raise exception"},"type":"ws_msg"}
{"payload":{"local_timestamp":1688371384090,"stderr":true,"stdout":"\n"},"type":"ws_msg"}
{"payload":{"local_timestamp":1688371384090,"stderr":true,"stdout":"AssertionError"},"type":"ws_msg"}
{"payload":{"local_timestamp":1688371384090,"stderr":true,"stdout":": "},"type":"ws_msg"}
{"payload":{"local_timestamp":1688371384090,"stderr":true,"stdout":"Caught AssertionError in DataLoader worker process 0.\nOriginal Traceback (most recent call last):\n  File \"C:\\Users\\86135\\AppData\\Local\\Programs\\Python\\Python311\\Lib\\site-packages\\torch\\utils\\data\\_utils\\worker.py\", line 308, in _worker_loop\n    data = fetcher.fetch(index)\n           ^^^^^^^^^^^^^^^^^^^^\n  File \"C:\\Users\\86135\\AppData\\Local\\Programs\\Python\\Python311\\Lib\\site-packages\\torch\\utils\\data\\_utils\\fetch.py\", line 51, in fetch\n    data = [self.dataset[idx] for idx in possibly_batched_index]\n           ^^^^^^^^^^^^^^^^^^^^^^^^^^^^^^^^^^^^^^^^^^^^^^^^^^^^^\n  File \"C:\\Users\\86135\\AppData\\Local\\Programs\\Python\\Python311\\Lib\\site-packages\\torch\\utils\\data\\_utils\\fetch.py\", line 51, in <listcomp>\n    data = [self.dataset[idx] for idx in possibly_batched_index]\n            ~~~~~~~~~~~~^^^^^\n  File \"C:\\Users\\86135\\AppData\\Local\\Programs\\Python\\Python311\\yolov5\\utils\\dataloaders.py\", line 661, in __getitem__\n    img, labels = self.load_mosaic(index)\n                  ^^^^^^^^^^^^^^^^^^^^^^^\n  File \"C:\\Users\\86135\\AppData\\Local\\Programs\\Python\\Python311\\yolov5\\utils\\dataloaders.py\", line 760, in load_mosaic\n    img, _, (h, w) = self.load_image(index)\n                     ^^^^^^^^^^^^^^^^^^^^^^\n  File \"C:\\Users\\86135\\AppData\\Local\\Programs\\Python\\Python311\\yolov5\\utils\\dataloaders.py\", line 736, in load_image\n    assert im is not None, f'Image Not Found {f}'\n           ^^^^^^^^^^^^^^\nAssertionError: Image Not Found D:\\learn\\trywork\\python\\HOK\\train1\\\u4e91\u7aef\u7b51\u68a6\u5e08.jpg\n"},"type":"ws_msg"}
{"payload":{"local_timestamp":1688371384091,"stderr":true,"stdout":"\n"},"type":"ws_msg"}
{"payload":{"local_timestamp":1688371384091,"stderr":true,"stdout":"COMET INFO: ---------------------------------------------------------------------------------------\n"},"type":"ws_msg"}
{"payload":{"local_timestamp":1688371384092,"stderr":true,"stdout":"COMET INFO: Comet.ml OfflineExperiment Summary\n"},"type":"ws_msg"}
{"payload":{"local_timestamp":1688371384092,"stderr":true,"stdout":"COMET INFO: ---------------------------------------------------------------------------------------\n"},"type":"ws_msg"}
{"payload":{"local_timestamp":1688371384093,"stderr":true,"stdout":"COMET INFO:   Data:\n"},"type":"ws_msg"}
{"payload":{"local_timestamp":1688371384093,"stderr":true,"stdout":"COMET INFO:     display_summary_level : 1\n"},"type":"ws_msg"}
{"payload":{"local_timestamp":1688371384093,"stderr":true,"stdout":"COMET INFO:     url                   : [OfflineExperiment will get URL after upload]\n"},"type":"ws_msg"}
{"payload":{"local_timestamp":1688371384094,"stderr":true,"stdout":"COMET INFO:   Others:\n"},"type":"ws_msg"}
{"payload":{"local_timestamp":1688371384094,"stderr":true,"stdout":"COMET INFO:     Created from                : YOLOv5\n"},"type":"ws_msg"}
{"payload":{"local_timestamp":1688371384095,"stderr":true,"stdout":"COMET INFO:     Name                        : C:/Users/86135/Desktop/program/new/pythonAi/yolov5s_train\n"},"type":"ws_msg"}
{"payload":{"local_timestamp":1688371384095,"stderr":true,"stdout":"COMET INFO:     comet_log_batch_metrics     : False\n"},"type":"ws_msg"}
{"payload":{"local_timestamp":1688371384095,"stderr":true,"stdout":"COMET INFO:     comet_log_confusion_matrix  : True\n"},"type":"ws_msg"}
{"payload":{"local_timestamp":1688371384096,"stderr":true,"stdout":"COMET INFO:     comet_log_per_class_metrics : False\n"},"type":"ws_msg"}
{"payload":{"local_timestamp":1688371384096,"stderr":true,"stdout":"COMET INFO:     comet_max_image_uploads     : 100\n"},"type":"ws_msg"}
{"payload":{"local_timestamp":1688371384097,"stderr":true,"stdout":"COMET INFO:     comet_mode                  : online\n"},"type":"ws_msg"}
{"payload":{"local_timestamp":1688371384102,"stderr":true,"stdout":"COMET INFO:     comet_model_name            : yolov5\n"},"type":"ws_msg"}
{"payload":{"local_timestamp":1688371384103,"stderr":true,"stdout":"COMET INFO:     hasNestedParams             : True\n"},"type":"ws_msg"}
{"payload":{"local_timestamp":1688371384103,"stderr":true,"stdout":"COMET INFO:     offline_experiment          : True\n"},"type":"ws_msg"}
{"payload":{"local_timestamp":1688371384104,"stderr":true,"stdout":"COMET INFO:   Parameters:\n"},"type":"ws_msg"}
{"payload":{"local_timestamp":1688371384104,"stderr":true,"stdout":"COMET INFO:     anchor_t            : 4.0\n"},"type":"ws_msg"}
{"payload":{"local_timestamp":1688371384105,"stderr":true,"stdout":"COMET INFO:     artifact_alias      : latest\n"},"type":"ws_msg"}
{"payload":{"local_timestamp":1688371384105,"stderr":true,"stdout":"COMET INFO:     batch_size          : 22\n"},"type":"ws_msg"}
{"payload":{"local_timestamp":1688371384105,"stderr":true,"stdout":"COMET INFO:     bbox_interval       : -1\n"},"type":"ws_msg"}
{"payload":{"local_timestamp":1688371384106,"stderr":true,"stdout":"COMET INFO:     box                 : 0.05\n"},"type":"ws_msg"}
{"payload":{"local_timestamp":1688371384106,"stderr":true,"stdout":"COMET INFO:     bucket              : \n"},"type":"ws_msg"}
{"payload":{"local_timestamp":1688371384107,"stderr":true,"stdout":"COMET INFO:     cache               : 1\n"},"type":"ws_msg"}
{"payload":{"local_timestamp":1688371384107,"stderr":true,"stdout":"COMET INFO:     cls                 : 0.6625\n"},"type":"ws_msg"}
{"payload":{"local_timestamp":1688371384107,"stderr":true,"stdout":"COMET INFO:     cls_pw              : 1.0\n"},"type":"ws_msg"}
{"payload":{"local_timestamp":1688371384108,"stderr":true,"stdout":"COMET INFO:     copy_paste          : 0.0\n"},"type":"ws_msg"}
{"payload":{"local_timestamp":1688371384108,"stderr":true,"stdout":"COMET INFO:     cos_lr              : False\n"},"type":"ws_msg"}
{"payload":{"local_timestamp":1688371384109,"stderr":true,"stdout":"COMET INFO:     degrees             : 0.0\n"},"type":"ws_msg"}
{"payload":{"local_timestamp":1688371384109,"stderr":true,"stdout":"COMET INFO:     entity              : 1\n"},"type":"ws_msg"}
{"payload":{"local_timestamp":1688371384109,"stderr":true,"stdout":"COMET INFO:     evolve              : 1\n"},"type":"ws_msg"}
{"payload":{"local_timestamp":1688371384110,"stderr":true,"stdout":"COMET INFO:     exist_ok            : False\n"},"type":"ws_msg"}
{"payload":{"local_timestamp":1688371384110,"stderr":true,"stdout":"COMET INFO:     fl_gamma            : 0.0\n"},"type":"ws_msg"}
{"payload":{"local_timestamp":1688371384111,"stderr":true,"stdout":"COMET INFO:     fliplr              : 0.5\n"},"type":"ws_msg"}
{"payload":{"local_timestamp":1688371384111,"stderr":true,"stdout":"COMET INFO:     flipud              : 0.0\n"},"type":"ws_msg"}
{"payload":{"local_timestamp":1688371384112,"stderr":true,"stdout":"COMET INFO:     freeze              : [0]\n"},"type":"ws_msg"}
{"payload":{"local_timestamp":1688371384115,"stderr":true,"stdout":"COMET INFO:     hsv_h               : 0.015\n"},"type":"ws_msg"}
{"payload":{"local_timestamp":1688371384115,"stderr":true,"stdout":"COMET INFO:     hsv_s               : 0.7\n"},"type":"ws_msg"}
{"payload":{"local_timestamp":1688371384116,"stderr":true,"stdout":"COMET INFO:     hsv_v               : 0.4\n"},"type":"ws_msg"}
{"payload":{"local_timestamp":1688371384116,"stderr":true,"stdout":"COMET INFO:     hyp|anchor_t        : 4.0\n"},"type":"ws_msg"}
{"payload":{"local_timestamp":1688371384117,"stderr":true,"stdout":"COMET INFO:     hyp|box             : 0.05\n"},"type":"ws_msg"}
{"payload":{"local_timestamp":1688371384117,"stderr":true,"stdout":"COMET INFO:     hyp|cls             : 0.5\n"},"type":"ws_msg"}
{"payload":{"local_timestamp":1688371384118,"stderr":true,"stdout":"COMET INFO:     hyp|cls_pw          : 1.0\n"},"type":"ws_msg"}
{"payload":{"local_timestamp":1688371384118,"stderr":true,"stdout":"COMET INFO:     hyp|copy_paste      : 0.0\n"},"type":"ws_msg"}
{"payload":{"local_timestamp":1688371384118,"stderr":true,"stdout":"COMET INFO:     hyp|degrees         : 0.0\n"},"type":"ws_msg"}
{"payload":{"local_timestamp":1688371384119,"stderr":true,"stdout":"COMET INFO:     hyp|fl_gamma        : 0.0\n"},"type":"ws_msg"}
{"payload":{"local_timestamp":1688371384119,"stderr":true,"stdout":"COMET INFO:     hyp|fliplr          : 0.5\n"},"type":"ws_msg"}
{"payload":{"local_timestamp":1688371384120,"stderr":true,"stdout":"COMET INFO:     hyp|flipud          : 0.0\n"},"type":"ws_msg"}
{"payload":{"local_timestamp":1688371384120,"stderr":true,"stdout":"COMET INFO:     hyp|hsv_h           : 0.015\n"},"type":"ws_msg"}
{"payload":{"local_timestamp":1688371384120,"stderr":true,"stdout":"COMET INFO:     hyp|hsv_s           : 0.7\n"},"type":"ws_msg"}
{"payload":{"local_timestamp":1688371384121,"stderr":true,"stdout":"COMET INFO:     hyp|hsv_v           : 0.4\n"},"type":"ws_msg"}
{"payload":{"local_timestamp":1688371384121,"stderr":true,"stdout":"COMET INFO:     hyp|iou_t           : 0.2\n"},"type":"ws_msg"}
{"payload":{"local_timestamp":1688371384122,"stderr":true,"stdout":"COMET INFO:     hyp|lr0             : 0.01\n"},"type":"ws_msg"}
{"payload":{"local_timestamp":1688371384122,"stderr":true,"stdout":"COMET INFO:     hyp|lrf             : 0.01\n"},"type":"ws_msg"}
{"payload":{"local_timestamp":1688371384122,"stderr":true,"stdout":"COMET INFO:     hyp|mixup           : 0.0\n"},"type":"ws_msg"}
{"payload":{"local_timestamp":1688371384123,"stderr":true,"stdout":"COMET INFO:     hyp|momentum        : 0.937\n"},"type":"ws_msg"}
{"payload":{"local_timestamp":1688371384123,"stderr":true,"stdout":"COMET INFO:     hyp|mosaic          : 1.0\n"},"type":"ws_msg"}
{"payload":{"local_timestamp":1688371384124,"stderr":true,"stdout":"COMET INFO:     hyp|obj             : 1.0\n"},"type":"ws_msg"}
{"payload":{"local_timestamp":1688371384124,"stderr":true,"stdout":"COMET INFO:     hyp|obj_pw          : 1.0\n"},"type":"ws_msg"}
{"payload":{"local_timestamp":1688371384125,"stderr":true,"stdout":"COMET INFO:     hyp|perspective     : 0.0\n"},"type":"ws_msg"}
{"payload":{"local_timestamp":1688371384125,"stderr":true,"stdout":"COMET INFO:     hyp|scale           : 0.5\n"},"type":"ws_msg"}
{"payload":{"local_timestamp":1688371384125,"stderr":true,"stdout":"COMET INFO:     hyp|shear           : 0.0\n"},"type":"ws_msg"}
{"payload":{"local_timestamp":1688371384126,"stderr":true,"stdout":"COMET INFO:     hyp|translate       : 0.1\n"},"type":"ws_msg"}
{"payload":{"local_timestamp":1688371384126,"stderr":true,"stdout":"COMET INFO:     hyp|warmup_bias_lr  : 0.1\n"},"type":"ws_msg"}
{"payload":{"local_timestamp":1688371384127,"stderr":true,"stdout":"COMET INFO:     hyp|warmup_epochs   : 3.0\n"},"type":"ws_msg"}
{"payload":{"local_timestamp":1688371384130,"stderr":true,"stdout":"COMET INFO:     hyp|warmup_momentum : 0.8\n"},"type":"ws_msg"}
{"payload":{"local_timestamp":1688371384132,"stderr":true,"stdout":"COMET INFO:     hyp|weight_decay    : 0.0005\n"},"type":"ws_msg"}
{"payload":{"local_timestamp":1688371384132,"stderr":true,"stdout":"COMET INFO:     image_weights       : False\n"},"type":"ws_msg"}
{"payload":{"local_timestamp":1688371384133,"stderr":true,"stdout":"COMET INFO:     imgsz               : 896\n"},"type":"ws_msg"}
{"payload":{"local_timestamp":1688371384133,"stderr":true,"stdout":"COMET INFO:     iou_t               : 0.2\n"},"type":"ws_msg"}
{"payload":{"local_timestamp":1688371384133,"stderr":true,"stdout":"COMET INFO:     label_smoothing     : 0.0\n"},"type":"ws_msg"}
{"payload":{"local_timestamp":1688371384134,"stderr":true,"stdout":"COMET INFO:     local_rank          : -1\n"},"type":"ws_msg"}
{"payload":{"local_timestamp":1688371384134,"stderr":true,"stdout":"COMET INFO:     lr0                 : 0.01\n"},"type":"ws_msg"}
{"payload":{"local_timestamp":1688371384135,"stderr":true,"stdout":"COMET INFO:     lrf                 : 0.01\n"},"type":"ws_msg"}
{"payload":{"local_timestamp":1688371384135,"stderr":true,"stdout":"COMET INFO:     mixup               : 0.0\n"},"type":"ws_msg"}
{"payload":{"local_timestamp":1688371384136,"stderr":true,"stdout":"COMET INFO:     momentum            : 0.937\n"},"type":"ws_msg"}
{"payload":{"local_timestamp":1688371384136,"stderr":true,"stdout":"COMET INFO:     mosaic              : 1.0\n"},"type":"ws_msg"}
{"payload":{"local_timestamp":1688371384136,"stderr":true,"stdout":"COMET INFO:     multi_scale         : False\n"},"type":"ws_msg"}
{"payload":{"local_timestamp":1688371384137,"stderr":true,"stdout":"COMET INFO:     noautoanchor        : False\n"},"type":"ws_msg"}
{"payload":{"local_timestamp":1688371384137,"stderr":true,"stdout":"COMET INFO:     noplots             : False\n"},"type":"ws_msg"}
{"payload":{"local_timestamp":1688371384138,"stderr":true,"stdout":"COMET INFO:     nosave              : False\n"},"type":"ws_msg"}
{"payload":{"local_timestamp":1688371384138,"stderr":true,"stdout":"COMET INFO:     noval               : False\n"},"type":"ws_msg"}
{"payload":{"local_timestamp":1688371384138,"stderr":true,"stdout":"COMET INFO:     obj                 : 1.9599999999999997\n"},"type":"ws_msg"}
{"payload":{"local_timestamp":1688371384139,"stderr":true,"stdout":"COMET INFO:     obj_pw              : 1.0\n"},"type":"ws_msg"}
{"payload":{"local_timestamp":1688371384139,"stderr":true,"stdout":"COMET INFO:     optimizer           : SGD\n"},"type":"ws_msg"}
{"payload":{"local_timestamp":1688371384140,"stderr":true,"stdout":"COMET INFO:     patience            : 100\n"},"type":"ws_msg"}
{"payload":{"local_timestamp":1688371384140,"stderr":true,"stdout":"COMET INFO:     perspective         : 0.0\n"},"type":"ws_msg"}
{"payload":{"local_timestamp":1688371384140,"stderr":true,"stdout":"COMET INFO:     project             : runs\\train\n"},"type":"ws_msg"}
{"payload":{"local_timestamp":1688371384141,"stderr":true,"stdout":"COMET INFO:     quad                : False\n"},"type":"ws_msg"}
{"payload":{"local_timestamp":1688371384141,"stderr":true,"stdout":"COMET INFO:     rect                : False\n"},"type":"ws_msg"}
{"payload":{"local_timestamp":1688371384141,"stderr":true,"stdout":"COMET INFO:     resume              : False\n"},"type":"ws_msg"}
{"payload":{"local_timestamp":1688371384142,"stderr":true,"stdout":"COMET INFO:     save_dir            : C:\\Users\\86135\\Desktop\\program\\new\\pythonAi\\yolov5s_train18\n"},"type":"ws_msg"}
{"payload":{"local_timestamp":1688371384142,"stderr":true,"stdout":"COMET INFO:     save_period         : -1\n"},"type":"ws_msg"}
{"payload":{"local_timestamp":1688371384143,"stderr":true,"stdout":"COMET INFO:     scale               : 0.5\n"},"type":"ws_msg"}
{"payload":{"local_timestamp":1688371384147,"stderr":true,"stdout":"COMET INFO:     seed                : 0\n"},"type":"ws_msg"}
{"payload":{"local_timestamp":1688371384148,"stderr":true,"stdout":"COMET INFO:     shear               : 0.0\n"},"type":"ws_msg"}
{"payload":{"local_timestamp":1688371384149,"stderr":true,"stdout":"COMET INFO:     single_cls          : False\n"},"type":"ws_msg"}
{"payload":{"local_timestamp":1688371384149,"stderr":true,"stdout":"COMET INFO:     sync_bn             : False\n"},"type":"ws_msg"}
{"payload":{"local_timestamp":1688371384149,"stderr":true,"stdout":"COMET INFO:     translate           : 0.1\n"},"type":"ws_msg"}
{"payload":{"local_timestamp":1688371384150,"stderr":true,"stdout":"COMET INFO:     upload_dataset      : False\n"},"type":"ws_msg"}
{"payload":{"local_timestamp":1688371384150,"stderr":true,"stdout":"COMET INFO:     val_conf_threshold  : 0.001\n"},"type":"ws_msg"}
{"payload":{"local_timestamp":1688371384150,"stderr":true,"stdout":"COMET INFO:     val_iou_threshold   : 0.6\n"},"type":"ws_msg"}
{"payload":{"local_timestamp":1688371384151,"stderr":true,"stdout":"COMET INFO:     warmup_bias_lr      : 0.1\n"},"type":"ws_msg"}
{"payload":{"local_timestamp":1688371384151,"stderr":true,"stdout":"COMET INFO:     warmup_epochs       : 3.0\n"},"type":"ws_msg"}
{"payload":{"local_timestamp":1688371384152,"stderr":true,"stdout":"COMET INFO:     warmup_momentum     : 0.8\n"},"type":"ws_msg"}
{"payload":{"local_timestamp":1688371384153,"stderr":true,"stdout":"COMET INFO:     weight_decay        : 0.000515625\n"},"type":"ws_msg"}
{"payload":{"local_timestamp":1688371384153,"stderr":true,"stdout":"COMET INFO:     workers             : 8\n"},"type":"ws_msg"}
{"payload":{"local_timestamp":1688371384154,"stderr":true,"stdout":"COMET INFO:   Uploads:\n"},"type":"ws_msg"}
{"payload":{"local_timestamp":1688371384154,"stderr":true,"stdout":"COMET INFO:     asset               : 5 (286.93 KB)\n"},"type":"ws_msg"}
{"payload":{"local_timestamp":1688371384154,"stderr":true,"stdout":"COMET INFO:     environment details : 1\n"},"type":"ws_msg"}
{"payload":{"local_timestamp":1688371384156,"stderr":true,"stdout":"COMET INFO:     installed packages  : 1\n"},"type":"ws_msg"}
{"payload":{"local_timestamp":1688371384156,"stderr":true,"stdout":"COMET INFO: \n"},"type":"ws_msg"}
