{"offline_id": "d4267a20d3dc43c29dac027d791da079", "project_name": "yolov5", "start_time": 1688353823938, "stop_time": 1688353826267, "tags": [], "workspace": null, "resume_strategy": "create", "customer_error_reported": true, "customer_error_message": "Unexpected error detected in the user script: UnicodeDecodeError('gbk', b\"train: C:/Users/86135/Desktop/program/new/pythonAi/train1\\r\\nval: C:/Users/86135/Desktop/program/new/pythonAi/val3\\r\\n\\r\\nnc: 4\\r\\nnames: ['\\xe5\\x94\\x90\\xe5\\x83\\xa7','\\xe7\\x8c\\xaa\\xe5\\x85\\xab\\xe6\\x88\\x92','\\xe6\\xb2\\x99\\xe5\\x83\\xa7','\\xe5\\xad\\x99\\xe6\\x82\\x9f\\xe7\\xa9\\xba']\", 143, 144, 'illegal multibyte sequence')"}